{"type":"FeatureCollection","features":[{"type":"Feature","properties":{"name":"連江縣","code":"09007","name_en":"Lienchiang County"},"geometry":{"type":"MultiPolygon","coordinates":[[[[119.964144,25.9455],[119.964459,25.945746],[119.964534,25.945573],[119.964144,25.9455]]],[[[119.964306,25.946756],[119.96439,25.946931],[119.964678,25.946887],[119.964306,25.946756]]],[[[119.964666,25.943818],[119.960923,25.942397],[119.96349,25.947002],[119.964666,25.943818]]],[[[119.984763,25.964329],[119.984863,25.964414],[119.984804,25.964295],[119.984763,25.964329]]],[[[119.985273,25.964602],[119.985523,25.964846],[119.985866,25.964758],[119.985273,25.964602]]],[[[119.990003,25.969961],[119.988013,25.969975],[119.98926,25.970859],[119.990003,25.969961]]],[[[119.988591,25.96813],[119.978567,25.959664],[119.979233,25.956677],[119.971302,25.955811],[119.964935,25.949209],[119.962111,25.94996],[119.96505,25.958181],[119.969584,25.960503],[119.971176,25.966464],[119.974578,25.968452],[119.983032,25.967217],[119.984074,25.970751],[119.988591,25.96813]]],[[[119.976281,25.972379],[119.976206,25.972354],[119.976188,25.972413],[119.976281,25.972379]]],[[[119.964198,25.972411],[119.964679,25.972635],[119.964718,25.972459],[119.964198,25.972411]]],[[[119.976622,25.973016],[119.976588,25.97302],[119.976615,25.973041],[119.976622,25.973016]]],[[[119.974134,25.973048],[119.974099,25.973141],[119.974243,25.973118],[119.974134,25.973048]]],[[[119.977352,25.974006],[119.977432,25.974089],[119.977431,25.974021],[119.977352,25.974006]]],[[[119.977561,25.974206],[119.977536,25.974174],[119.977511,25.97421],[119.977561,25.974206]]],[[[119.967298,25.974182],[119.967429,25.974415],[119.967493,25.974264],[119.967298,25.974182]]],[[[119.964957,25.974241],[119.964863,25.974519],[119.965226,25.974339],[119.964957,25.974241]]],[[[119.965424,25.974564],[119.965279,25.97439],[119.965214,25.974692],[119.965424,25.974564]]],[[[119.966168,25.974885],[119.966227,25.974961],[119.966281,25.974881],[119.966168,25.974885]]],[[[119.966396,25.974892],[119.966313,25.974948],[119.966436,25.975014],[119.966396,25.974892]]],[[[119.96744,25.9724],[119.965159,25.972373],[119.966144,25.974879],[119.96744,25.9724]]],[[[119.97642,25.975206],[119.976474,25.97525],[119.976478,25.975199],[119.97642,25.975206]]],[[[119.966323,25.975244],[119.96642,25.9753],[119.966381,25.975225],[119.966323,25.975244]]],[[[119.976633,25.975266],[119.97656,25.9752],[119.97652,25.975307],[119.976633,25.975266]]],[[[119.965948,25.975087],[119.965999,25.975314],[119.966252,25.975182],[119.965948,25.975087]]],[[[119.975007,25.975266],[119.974952,25.975359],[119.975053,25.97529],[119.975007,25.975266]]],[[[119.966401,25.975359],[119.966496,25.975399],[119.966457,25.975342],[119.966401,25.975359]]],[[[119.965773,25.975285],[119.965817,25.975412],[119.965905,25.975312],[119.965773,25.975285]]],[[[119.976902,25.97525],[119.976713,25.975259],[119.976897,25.975452],[119.976902,25.97525]]],[[[119.966561,25.975121],[119.966965,25.975414],[119.96673,25.975033],[119.966561,25.975121]]],[[[119.975018,25.975484],[119.974991,25.975586],[119.975109,25.975579],[119.975018,25.975484]]],[[[119.919385,25.975159],[119.920295,25.975681],[119.919552,25.974672],[119.919385,25.975159]]],[[[119.965898,25.975571],[119.96581,25.975602],[119.965888,25.975705],[119.965898,25.975571]]],[[[119.975235,25.975615],[119.975191,25.975775],[119.975321,25.97578],[119.975235,25.975615]]],[[[119.966584,25.975846],[119.96629,25.975248],[119.965935,25.975638],[119.966584,25.975846]]],[[[119.977306,25.97466],[119.974391,25.970512],[119.974618,25.97502],[119.977306,25.97466]]],[[[119.975962,25.975905],[119.97581,25.976069],[119.975992,25.976078],[119.975962,25.975905]]],[[[119.966093,25.976245],[119.966142,25.976109],[119.965716,25.976049],[119.966093,25.976245]]],[[[119.975699,25.976526],[119.975617,25.976546],[119.975699,25.976623],[119.975699,25.976526]]],[[[119.976672,25.976346],[119.976028,25.976153],[119.97599,25.976644],[119.976672,25.976346]]],[[[119.921713,25.976317],[119.921861,25.977058],[119.922117,25.9764],[119.921713,25.976317]]],[[[119.946819,25.977164],[119.947112,25.977119],[119.94697,25.976795],[119.946819,25.977164]]],[[[119.921713,25.977451],[119.921987,25.977382],[119.92184,25.977208],[119.921713,25.977451]]],[[[119.946806,25.977328],[119.946922,25.977479],[119.947039,25.977335],[119.946806,25.977328]]],[[[119.947049,25.977633],[119.947058,25.977747],[119.94719,25.977676],[119.947049,25.977633]]],[[[119.921853,25.978102],[119.922261,25.978343],[119.922282,25.977912],[119.921853,25.978102]]],[[[119.991762,25.980593],[119.991715,25.980717],[119.992003,25.980767],[119.991762,25.980593]]],[[[119.9481,25.981211],[119.948455,25.981415],[119.948473,25.98135],[119.9481,25.981211]]],[[[119.948094,25.981361],[119.94818,25.981461],[119.948203,25.981414],[119.948094,25.981361]]],[[[119.992415,25.9812],[119.991916,25.981392],[119.992289,25.981551],[119.992415,25.9812]]],[[[119.94819,25.981621],[119.948166,25.981655],[119.948202,25.981658],[119.94819,25.981621]]],[[[119.992331,25.981861],[119.992508,25.981965],[119.99265,25.981784],[119.992331,25.981861]]],[[[119.946023,25.982031],[119.946211,25.982047],[119.946173,25.981943],[119.946023,25.982031]]],[[[119.940547,25.982106],[119.940619,25.982286],[119.940812,25.982276],[119.940547,25.982106]]],[[[119.944869,25.982283],[119.944823,25.982374],[119.944911,25.982377],[119.944869,25.982283]]],[[[119.946189,25.98235],[119.94629,25.982432],[119.946298,25.982335],[119.946189,25.98235]]],[[[119.946323,25.98205],[119.946428,25.982329],[119.946764,25.982414],[119.946323,25.98205]]],[[[119.948462,25.981115],[119.941919,25.972921],[119.939678,25.973992],[119.935023,25.967747],[119.928851,25.972541],[119.924235,25.9793],[119.926898,25.98165],[119.933398,25.979973],[119.937245,25.981743],[119.948462,25.981115]]],[[[119.944829,25.982453],[119.944681,25.982702],[119.944881,25.982766],[119.944829,25.982453]]],[[[119.992585,25.982055],[119.991979,25.982353],[119.993093,25.982752],[119.992585,25.982055]]],[[[119.943653,25.982563],[119.94359,25.982904],[119.943787,25.982775],[119.943653,25.982563]]],[[[119.944438,25.983058],[119.944795,25.983134],[119.94497,25.982918],[119.944438,25.983058]]],[[[119.957721,26.08099],[119.957758,26.081141],[119.957955,26.08113],[119.957721,26.08099]]],[[[119.964252,26.085567],[119.964254,26.085696],[119.964406,26.085739],[119.964252,26.085567]]],[[[119.96419,26.085612],[119.963506,26.085354],[119.96381,26.085803],[119.96419,26.085612]]],[[[119.961338,26.086086],[119.961325,26.086131],[119.961372,26.086088],[119.961338,26.086086]]],[[[119.961934,26.086144],[119.961802,26.08618],[119.961961,26.086234],[119.961934,26.086144]]],[[[119.961873,26.084834],[119.961511,26.085932],[119.96271,26.086287],[119.961873,26.084834]]],[[[119.961698,26.086282],[119.961698,26.086324],[119.961735,26.086285],[119.961698,26.086282]]],[[[119.962965,26.086291],[119.962914,26.08631],[119.96298,26.086344],[119.962965,26.086291]]],[[[119.962084,26.086228],[119.962253,26.086348],[119.962248,26.086276],[119.962084,26.086228]]],[[[119.961623,26.086603],[119.961659,26.086669],[119.96172,26.086591],[119.961623,26.086603]]],[[[119.961445,26.086752],[119.961375,26.08678],[119.961464,26.086798],[119.961445,26.086752]]],[[[119.961359,26.086891],[119.96127,26.087001],[119.961452,26.087025],[119.961359,26.086891]]],[[[119.961477,26.087064],[119.961125,26.087144],[119.961347,26.087323],[119.961477,26.087064]]],[[[119.96203,26.087349],[119.961937,26.087351],[119.961987,26.087414],[119.96203,26.087349]]],[[[119.961714,26.087464],[119.961734,26.087212],[119.96129,26.087373],[119.961714,26.087464]]],[[[119.965294,26.091178],[119.96531,26.091313],[119.965423,26.091262],[119.965294,26.091178]]],[[[119.965435,26.091308],[119.965503,26.091403],[119.965505,26.091303],[119.965435,26.091308]]],[[[119.965446,26.091677],[119.965219,26.091667],[119.965307,26.091785],[119.965446,26.091677]]],[[[119.965753,26.091652],[119.965257,26.091925],[119.965606,26.092111],[119.965753,26.091652]]],[[[119.974347,26.115756],[119.97424,26.115397],[119.973849,26.115724],[119.974347,26.115756]]],[[[119.973142,26.116523],[119.972835,26.116316],[119.972687,26.116827],[119.973142,26.116523]]],[[[119.964719,26.144171],[119.964475,26.143994],[119.964437,26.144191],[119.964719,26.144171]]],[[[119.96524,26.144697],[119.965314,26.144809],[119.965327,26.144733],[119.96524,26.144697]]],[[[119.965263,26.14437],[119.964717,26.144396],[119.964823,26.144891],[119.965263,26.14437]]],[[[119.965209,26.145045],[119.965057,26.144909],[119.965024,26.145064],[119.965209,26.145045]]],[[[119.955995,26.150703],[119.955558,26.150787],[119.955916,26.150915],[119.955995,26.150703]]],[[[120.404706,26.158065],[120.405876,26.15529],[120.402127,26.157897],[120.404706,26.158065]]],[[[119.971024,26.161146],[119.971078,26.161227],[119.971146,26.16117],[119.971024,26.161146]]],[[[119.970828,26.161191],[119.970891,26.161281],[119.970903,26.161155],[119.970828,26.161191]]],[[[119.971122,26.161382],[119.971189,26.161354],[119.971148,26.161291],[119.971122,26.161382]]],[[[119.970324,26.161573],[119.970432,26.16169],[119.970446,26.161617],[119.970324,26.161573]]],[[[119.970591,26.161559],[119.970513,26.161608],[119.970726,26.161719],[119.970591,26.161559]]],[[[119.970244,26.1626],[119.97019,26.162685],[119.970358,26.162625],[119.970244,26.1626]]],[[[119.973575,26.163762],[119.973441,26.163627],[119.973186,26.163715],[119.973575,26.163762]]],[[[119.972767,26.163788],[119.972675,26.163885],[119.972808,26.163906],[119.972767,26.163788]]],[[[119.96395,26.163688],[119.963648,26.16383],[119.963877,26.163929],[119.96395,26.163688]]],[[[119.973118,26.164847],[119.973173,26.165009],[119.973262,26.164915],[119.973118,26.164847]]],[[[119.973636,26.165968],[119.973764,26.165991],[119.973775,26.165939],[119.973636,26.165968]]],[[[119.97136,26.168278],[119.971261,26.168398],[119.971447,26.16865],[119.97136,26.168278]]],[[[119.965027,26.167061],[119.967876,26.168737],[119.967431,26.167572],[119.965027,26.167061]]],[[[119.972418,26.165001],[119.970106,26.163324],[119.971786,26.168364],[119.972418,26.165001]]],[[[119.972155,26.168724],[119.972074,26.1689],[119.972321,26.168932],[119.972155,26.168724]]],[[[119.973611,26.169058],[119.973708,26.16907],[119.973732,26.168968],[119.973611,26.169058]]],[[[119.929302,26.171978],[119.928959,26.171674],[119.928919,26.17192],[119.929302,26.171978]]],[[[119.920325,26.172829],[119.928266,26.172002],[119.923629,26.16378],[119.930125,26.158671],[119.934988,26.159508],[119.9357,26.154463],[119.94186,26.158906],[119.939622,26.165842],[119.944324,26.164971],[119.951918,26.168165],[119.953687,26.164208],[119.95574,26.167657],[119.965143,26.166587],[119.962974,26.163873],[119.961947,26.158228],[119.95942,26.157558],[119.954988,26.150621],[119.952346,26.153382],[119.948435,26.152069],[119.94876,26.148556],[119.941986,26.143256],[119.938024,26.14289],[119.936943,26.145996],[119.932102,26.144568],[119.924555,26.137821],[119.923654,26.141908],[119.91683,26.141091],[119.913028,26.14526],[119.908897,26.145347],[119.910739,26.149738],[119.917663,26.157897],[119.912526,26.15956],[119.917301,26.162452],[119.918714,26.167908],[119.915256,26.169292],[119.916373,26.175194],[119.920325,26.172829]]],[[[119.91817,26.175282],[119.917975,26.175522],[119.91828,26.1755],[119.91817,26.175282]]],[[[119.980115,26.186773],[119.980086,26.187339],[119.98074,26.186708],[119.980115,26.186773]]],[[[119.94714,26.194476],[119.949051,26.195578],[119.948415,26.194355],[119.94714,26.194476]]],[[[120.011534,26.209506],[120.013194,26.211748],[120.014712,26.211134],[120.011534,26.209506]]],[[[120.015244,26.213332],[120.015946,26.213832],[120.015771,26.213298],[120.015244,26.213332]]],[[[120.0155,26.214123],[120.015953,26.214214],[120.015734,26.213954],[120.0155,26.214123]]],[[[120.014987,26.21325],[120.012024,26.21262],[120.011587,26.213764],[120.014987,26.21325]]],[[[120.015502,26.214245],[120.015582,26.214431],[120.015832,26.214422],[120.015502,26.214245]]],[[[120.011856,26.215635],[120.011892,26.215767],[120.011971,26.215662],[120.011856,26.215635]]],[[[120.048036,26.22597],[120.048432,26.226295],[120.048551,26.226034],[120.048036,26.22597]]],[[[119.982696,26.226236],[119.982765,26.226858],[119.98332,26.226651],[119.982696,26.226236]]],[[[120.062494,26.233298],[120.062696,26.233952],[120.063104,26.233718],[120.062494,26.233298]]],[[[120.061948,26.237089],[120.060783,26.237811],[120.062373,26.238139],[120.061948,26.237089]]],[[[120.000055,26.237989],[120.001399,26.233901],[120.006369,26.233974],[120.006556,26.226506],[120.014091,26.228466],[120.014476,26.223489],[120.009797,26.21967],[120.009631,26.214764],[120.007004,26.222268],[120.003339,26.222925],[120.00039,26.218759],[119.99841,26.222647],[119.996875,26.218131],[119.993057,26.218631],[119.99063,26.214621],[119.987573,26.218632],[119.975844,26.215198],[119.972543,26.211865],[119.972891,26.201455],[119.971382,26.199371],[119.975978,26.193235],[119.970879,26.19524],[119.966443,26.19404],[119.965619,26.204815],[119.970991,26.212825],[119.96745,26.221269],[119.971241,26.22081],[119.978639,26.225988],[119.983245,26.224983],[119.993242,26.233974],[119.995345,26.23822],[120.000055,26.237989]]],[[[120.016009,26.237799],[120.014394,26.239095],[120.016714,26.239489],[120.016009,26.237799]]],[[[120.013995,26.238736],[120.010867,26.23812],[120.012764,26.240533],[120.013995,26.238736]]],[[[120.202394,26.249257],[120.202185,26.248863],[120.202044,26.24913],[120.202394,26.249257]]],[[[120.006336,26.250905],[120.005033,26.247079],[119.997611,26.241989],[119.995314,26.243421],[119.998179,26.249461],[120.006336,26.250905]]],[[[120.006826,26.250793],[120.006685,26.251617],[120.007141,26.251506],[120.006826,26.250793]]],[[[120.202558,26.251731],[120.202416,26.251651],[120.202384,26.251758],[120.202558,26.251731]]],[[[120.007025,26.251596],[120.006946,26.25169],[120.007017,26.251808],[120.007025,26.251596]]],[[[120.007188,26.251901],[120.0073,26.25192],[120.007236,26.251846],[120.007188,26.251901]]],[[[120.015005,26.254162],[120.008665,26.25299],[120.009425,26.255424],[120.015005,26.254162]]],[[[120.009473,26.255592],[120.009488,26.255777],[120.009675,26.255618],[120.009473,26.255592]]],[[[119.992472,26.256165],[119.992846,26.25628],[119.992787,26.255867],[119.992472,26.256165]]],[[[119.993037,26.256225],[119.993214,26.256479],[119.993216,26.256178],[119.993037,26.256225]]],[[[119.993265,26.256759],[119.993366,26.256907],[119.993452,26.256797],[119.993265,26.256759]]],[[[119.993026,26.256941],[119.993192,26.25705],[119.993149,26.256885],[119.993026,26.256941]]],[[[119.992717,26.257348],[119.993141,26.257549],[119.993099,26.257167],[119.992717,26.257348]]],[[[119.992123,26.257722],[119.991318,26.258363],[119.992818,26.258515],[119.992123,26.257722]]],[[[119.975602,26.272177],[119.976727,26.273404],[119.977214,26.272431],[119.975602,26.272177]]],[[[119.991871,26.279274],[119.991692,26.27947],[119.992014,26.279529],[119.991871,26.279274]]],[[[119.998758,26.28046],[119.998753,26.281183],[119.999559,26.281311],[119.998758,26.28046]]],[[[119.997879,26.281727],[119.99891,26.281803],[119.997963,26.28147],[119.997879,26.281727]]],[[[119.99804,26.282235],[119.998297,26.282824],[119.999364,26.28251],[119.99804,26.282235]]],[[[119.991146,26.282419],[119.991476,26.283118],[119.99228,26.2831],[119.991146,26.282419]]],[[[119.989985,26.282033],[119.990515,26.283271],[119.991143,26.282953],[119.989985,26.282033]]],[[[119.992022,26.274729],[119.987913,26.267147],[119.980698,26.267116],[119.97839,26.272059],[119.983406,26.273798],[119.981617,26.278356],[119.986814,26.280612],[119.992022,26.274729]]],[[[119.986615,26.283316],[119.986515,26.283756],[119.98684,26.283604],[119.986615,26.283316]]],[[[119.99008,26.28349],[119.989878,26.284074],[119.990676,26.28421],[119.99008,26.28349]]],[[[119.986288,26.284434],[119.986375,26.285063],[119.98697,26.285116],[119.986288,26.284434]]],[[[120.008503,26.298021],[120.008011,26.298026],[120.008385,26.29856],[120.008503,26.298021]]],[[[120.213644,26.334838],[120.213208,26.335158],[120.213653,26.335204],[120.213644,26.334838]]],[[[120.216024,26.334522],[120.215907,26.33515],[120.216371,26.334666],[120.216024,26.334522]]],[[[120.214007,26.334749],[120.214231,26.335502],[120.214546,26.33495],[120.214007,26.334749]]],[[[120.217203,26.335686],[120.216768,26.335722],[120.217112,26.33611],[120.217203,26.335686]]],[[[120.223981,26.339231],[120.22397,26.339501],[120.22419,26.339339],[120.223981,26.339231]]],[[[120.227111,26.343369],[120.227155,26.343765],[120.227588,26.343522],[120.227111,26.343369]]],[[[120.227131,26.343851],[120.227223,26.344376],[120.227792,26.344132],[120.227131,26.343851]]],[[[120.223074,26.338521],[120.218111,26.337605],[120.22062,26.341851],[120.228872,26.347365],[120.223074,26.338521]]],[[[120.481775,26.352711],[120.483875,26.354787],[120.482761,26.353265],[120.481775,26.352711]]],[[[120.485807,26.354971],[120.485283,26.355697],[120.485621,26.355987],[120.485807,26.354971]]],[[[120.485805,26.356052],[120.485983,26.356258],[120.486384,26.355898],[120.485805,26.356052]]],[[[120.493649,26.356509],[120.493918,26.357106],[120.494339,26.35697],[120.493649,26.356509]]],[[[120.494846,26.358249],[120.494801,26.358394],[120.494991,26.358335],[120.494846,26.358249]]],[[[120.495215,26.359071],[120.495225,26.359425],[120.495419,26.359174],[120.495215,26.359071]]],[[[120.511202,26.364602],[120.51149,26.364944],[120.511678,26.364587],[120.511202,26.364602]]],[[[120.50045,26.376097],[120.500554,26.376404],[120.500661,26.376207],[120.50045,26.376097]]],[[[120.500926,26.377494],[120.500884,26.377625],[120.501068,26.377634],[120.500926,26.377494]]],[[[120.500775,26.377882],[120.500613,26.378108],[120.501013,26.377991],[120.500775,26.377882]]],[[[120.483779,26.378408],[120.483366,26.378482],[120.484181,26.378796],[120.483779,26.378408]]],[[[120.483009,26.379021],[120.482993,26.379086],[120.483108,26.379049],[120.483009,26.379021]]],[[[120.483208,26.379253],[120.48331,26.379307],[120.483302,26.379223],[120.483208,26.379253]]],[[[120.483641,26.379407],[120.484103,26.37978],[120.48403,26.37926],[120.483641,26.379407]]],[[[120.480761,26.381507],[120.480746,26.381591],[120.48085,26.381571],[120.480761,26.381507]]],[[[120.481366,26.381622],[120.481326,26.381747],[120.481434,26.3817],[120.481366,26.381622]]],[[[120.480544,26.381891],[120.480626,26.382071],[120.480664,26.382013],[120.480544,26.381891]]],[[[120.480383,26.382054],[120.480458,26.382109],[120.480494,26.382063],[120.480383,26.382054]]],[[[120.481332,26.382071],[120.481591,26.38234],[120.481522,26.382048],[120.481332,26.382071]]],[[[120.480417,26.382239],[120.480465,26.382349],[120.480545,26.382232],[120.480417,26.382239]]],[[[120.08297,26.382216],[120.082619,26.382299],[120.08287,26.382522],[120.08297,26.382216]]],[[[120.082486,26.382839],[120.08244,26.382153],[120.081872,26.382691],[120.082486,26.382839]]],[[[120.47431,26.383546],[120.474312,26.383658],[120.474413,26.383559],[120.47431,26.383546]]],[[[120.480482,26.383723],[120.480546,26.383828],[120.480724,26.383787],[120.480482,26.383723]]],[[[120.473772,26.383574],[120.473927,26.383905],[120.474117,26.383675],[120.473772,26.383574]]],[[[120.480282,26.380987],[120.483448,26.377188],[120.481513,26.371228],[120.492291,26.370978],[120.492208,26.374574],[120.495881,26.378633],[120.499633,26.378443],[120.499273,26.37247],[120.506902,26.37276],[120.51131,26.365252],[120.504988,26.365567],[120.502849,26.368861],[120.498529,26.361846],[120.485179,26.355918],[120.482016,26.358704],[120.485348,26.368928],[120.481022,26.370795],[120.477807,26.36754],[120.476539,26.379043],[120.471666,26.372273],[120.469216,26.376927],[120.474742,26.379774],[120.47377,26.38259],[120.479911,26.383941],[120.480282,26.380987]]],[[[120.086322,26.385151],[120.085115,26.384066],[120.082901,26.384345],[120.086322,26.385151]]],[[[120.085972,26.385167],[120.085916,26.385209],[120.086029,26.385255],[120.085972,26.385167]]]]}},{"type":"Feature","properties":{"name":"宜蘭縣","code":"10002","name_en":"Yilan County"},"geometry":{"type":"MultiPolygon","coordinates":[[[[121.960324,24.843007],[121.964938,24.84049],[121.96147,24.835284],[121.957057,24.836822],[121.948006,24.835339],[121.940218,24.838569],[121.934249,24.845569],[121.936052,24.847005],[121.943327,24.844614],[121.947529,24.85125],[121.956172,24.850653],[121.959831,24.846963],[121.960324,24.843007]]],[[[121.966028,24.983084],[121.958299,24.982626],[121.954499,24.980008],[121.944265,24.976834],[121.943675,24.974996],[121.936221,24.973855],[121.925583,24.968564],[121.919975,24.958448],[121.920561,24.955762],[121.916264,24.951864],[121.911348,24.950729],[121.90535,24.9466],[121.904663,24.939819],[121.894922,24.940658],[121.887881,24.935093],[121.885366,24.918894],[121.874776,24.907304],[121.865937,24.902004],[121.860465,24.894465],[121.851354,24.890117],[121.842681,24.876161],[121.830613,24.85045],[121.824296,24.828874],[121.821614,24.81548],[121.818992,24.797288],[121.817989,24.77814],[121.81841,24.764922],[121.820976,24.747698],[121.825869,24.733006],[121.832775,24.719899],[121.839129,24.717419],[121.836588,24.710704],[121.836798,24.69832],[121.838447,24.681691],[121.83818,24.673009],[121.841504,24.656242],[121.845048,24.644912],[121.852113,24.628006],[121.858754,24.616704],[121.866119,24.609929],[121.873391,24.608739],[121.875124,24.605712],[121.884965,24.60336],[121.884988,24.599616],[121.873446,24.596618],[121.87923,24.591043],[121.873687,24.584539],[121.87727,24.579766],[121.869821,24.576089],[121.869211,24.571282],[121.871189,24.563291],[121.871204,24.552382],[121.8741,24.545387],[121.872316,24.541628],[121.873697,24.534641],[121.86971,24.528098],[121.860915,24.527181],[121.856253,24.523944],[121.841902,24.520254],[121.839918,24.516534],[121.83823,24.506543],[121.840225,24.498042],[121.847464,24.49741],[121.850492,24.49468],[121.850717,24.484898],[121.860214,24.483649],[121.85968,24.478564],[121.85544,24.480592],[121.841216,24.475591],[121.832646,24.46743],[121.824661,24.464618],[121.820368,24.461428],[121.82184,24.455868],[121.810827,24.441453],[121.801854,24.434343],[121.798663,24.427968],[121.791138,24.408237],[121.789008,24.397486],[121.787018,24.372503],[121.773574,24.343718],[121.770882,24.332594],[121.774057,24.315277],[121.770132,24.313123],[121.759105,24.314211],[121.744728,24.322858],[121.735171,24.323079],[121.727783,24.325991],[121.714338,24.326725],[121.706454,24.329084],[121.697315,24.334264],[121.689491,24.333587],[121.683842,24.340737],[121.675935,24.337468],[121.673974,24.343401],[121.669276,24.342973],[121.663895,24.349178],[121.653939,24.35215],[121.650668,24.359857],[121.648903,24.349401],[121.64062,24.356996],[121.634776,24.366537],[121.630908,24.366114],[121.630943,24.370553],[121.621706,24.366631],[121.622276,24.356684],[121.626894,24.354128],[121.626781,24.349803],[121.635109,24.348368],[121.631492,24.344276],[121.632964,24.334967],[121.626682,24.33563],[121.627472,24.341123],[121.622894,24.33944],[121.620279,24.345338],[121.618024,24.344641],[121.615722,24.333224],[121.611303,24.336019],[121.607573,24.335228],[121.604464,24.329012],[121.599443,24.333377],[121.595744,24.331627],[121.596563,24.328142],[121.604633,24.318273],[121.607015,24.312641],[121.605673,24.309506],[121.603129,24.313172],[121.597184,24.316297],[121.589223,24.314003],[121.587507,24.316065],[121.575579,24.319694],[121.569599,24.317944],[121.560078,24.322638],[121.556071,24.331157],[121.544724,24.337825],[121.540527,24.335915],[121.527747,24.339154],[121.522151,24.343024],[121.518477,24.341153],[121.509672,24.341203],[121.504375,24.342936],[121.498114,24.339236],[121.49223,24.342092],[121.485476,24.348376],[121.478867,24.351878],[121.475255,24.351267],[121.464971,24.355559],[121.452005,24.364682],[121.447971,24.374828],[121.442882,24.373154],[121.43778,24.382878],[121.429364,24.383061],[121.419625,24.379205],[121.412764,24.379743],[121.407772,24.37757],[121.401885,24.379602],[121.390359,24.375338],[121.387898,24.370009],[121.381128,24.366867],[121.373573,24.368166],[121.369287,24.372458],[121.367145,24.379211],[121.369726,24.382754],[121.364881,24.389075],[121.355316,24.393149],[121.342412,24.392642],[121.338475,24.390054],[121.332329,24.397944],[121.328008,24.398282],[121.32499,24.406913],[121.327435,24.413022],[121.328708,24.427279],[121.32806,24.433912],[121.320586,24.441055],[121.317659,24.441489],[121.323789,24.456722],[121.329853,24.464262],[121.335994,24.467367],[121.335943,24.472353],[121.340067,24.474852],[121.343013,24.482426],[121.357743,24.48661],[121.365029,24.495855],[121.37066,24.497871],[121.373347,24.509897],[121.383719,24.510356],[121.385109,24.516822],[121.38781,24.51725],[121.391866,24.524112],[121.397807,24.524913],[121.401627,24.529239],[121.39674,24.539824],[121.398755,24.548204],[121.394673,24.555575],[121.401123,24.561865],[121.403927,24.568975],[121.412316,24.57336],[121.409203,24.581206],[121.403039,24.591708],[121.412569,24.603451],[121.41787,24.601064],[121.424563,24.603115],[121.427804,24.606087],[121.430609,24.61451],[121.435678,24.621551],[121.434831,24.624457],[121.44054,24.635097],[121.445013,24.637297],[121.44498,24.642949],[121.451371,24.651057],[121.447924,24.655107],[121.449586,24.662223],[121.453899,24.664406],[121.45949,24.673159],[121.469698,24.671947],[121.479988,24.673851],[121.486851,24.675168],[121.492718,24.673194],[121.499169,24.678025],[121.505526,24.679904],[121.512203,24.684478],[121.523787,24.683297],[121.529123,24.687624],[121.536865,24.688497],[121.538828,24.694589],[121.537844,24.699722],[121.543395,24.705739],[121.550303,24.705673],[121.556368,24.711224],[121.563253,24.712794],[121.567478,24.711516],[121.570453,24.713966],[121.574805,24.710113],[121.577274,24.714876],[121.577811,24.721779],[121.587679,24.720332],[121.59754,24.727677],[121.594071,24.729266],[121.595355,24.739124],[121.59166,24.744919],[121.596132,24.748236],[121.589953,24.751892],[121.590486,24.760742],[121.596247,24.767316],[121.597562,24.772553],[121.591946,24.787505],[121.605635,24.789129],[121.609628,24.793768],[121.62043,24.792556],[121.62529,24.794967],[121.624926,24.80208],[121.628045,24.807999],[121.638795,24.810728],[121.645728,24.8097],[121.647473,24.81388],[121.653106,24.811269],[121.660727,24.810851],[121.668991,24.818],[121.67415,24.814148],[121.680755,24.817516],[121.689321,24.817331],[121.687671,24.824347],[121.696389,24.830453],[121.69636,24.834545],[121.701722,24.834351],[121.708969,24.84058],[121.714259,24.841786],[121.721913,24.849853],[121.732621,24.855819],[121.738419,24.855241],[121.741982,24.852462],[121.747834,24.85491],[121.760977,24.856704],[121.76916,24.865922],[121.775475,24.865128],[121.777292,24.869718],[121.785205,24.874193],[121.782233,24.879187],[121.781664,24.889398],[121.793009,24.896248],[121.791751,24.899535],[121.797059,24.90159],[121.804526,24.90117],[121.810494,24.903668],[121.811677,24.906526],[121.818268,24.902722],[121.822379,24.904552],[121.831812,24.904911],[121.84373,24.915726],[121.84559,24.919372],[121.852116,24.923739],[121.853828,24.927912],[121.849137,24.930331],[121.846619,24.937842],[121.839839,24.942206],[121.839231,24.946341],[121.841379,24.954167],[121.84717,24.960361],[121.852558,24.959609],[121.861224,24.963667],[121.871543,24.960723],[121.882305,24.964135],[121.888496,24.963179],[121.897195,24.967071],[121.902754,24.974337],[121.910413,24.974835],[121.912472,24.978295],[121.922294,24.978608],[121.940556,24.984532],[121.943922,24.987943],[121.962812,24.987764],[121.966028,24.983084]]],[[[123.555752,25.721117],[123.555817,25.721353],[123.555936,25.721212],[123.555752,25.721117]]],[[[123.556418,25.720934],[123.556521,25.721568],[123.556698,25.721386],[123.556418,25.720934]]],[[[123.556601,25.721672],[123.556581,25.721848],[123.556723,25.721826],[123.556601,25.721672]]],[[[123.556293,25.722047],[123.556368,25.722247],[123.556537,25.722082],[123.556293,25.722047]]],[[[123.556296,25.722337],[123.556294,25.722442],[123.556447,25.722375],[123.556296,25.722337]]],[[[123.54333,25.722516],[123.543364,25.722561],[123.543404,25.722521],[123.54333,25.722516]]],[[[123.543346,25.72263],[123.543295,25.722648],[123.543326,25.722686],[123.543346,25.72263]]],[[[123.542893,25.722808],[123.542958,25.722883],[123.54303,25.722793],[123.542893,25.722808]]],[[[123.54335,25.723027],[123.54328,25.722746],[123.543039,25.723],[123.54335,25.723027]]],[[[123.544653,25.72311],[123.544669,25.723158],[123.544743,25.723144],[123.544653,25.72311]]],[[[123.544703,25.72403],[123.544678,25.724073],[123.54478,25.724081],[123.544703,25.72403]]],[[[123.54459,25.724277],[123.544172,25.723835],[123.54419,25.724322],[123.54459,25.724277]]],[[[123.54445,25.724343],[123.544557,25.724461],[123.544574,25.724364],[123.54445,25.724343]]],[[[123.55042,25.725861],[123.555664,25.720866],[123.545479,25.722661],[123.55042,25.725861]]],[[[123.545087,25.72777],[123.544968,25.727916],[123.545255,25.728005],[123.545087,25.72777]]],[[[123.544845,25.729285],[123.544969,25.729442],[123.54496,25.729223],[123.544845,25.729285]]],[[[123.541388,25.733692],[123.544744,25.727836],[123.541551,25.725728],[123.539392,25.730809],[123.541388,25.733692]]],[[[123.506386,25.735613],[123.506527,25.735386],[123.506095,25.73561],[123.506386,25.735613]]],[[[123.507128,25.73581],[123.5071,25.735952],[123.507224,25.735889],[123.507128,25.73581]]],[[[123.47158,25.738291],[123.471605,25.738322],[123.471649,25.738275],[123.47158,25.738291]]],[[[123.458037,25.738894],[123.458114,25.738963],[123.458095,25.738873],[123.458037,25.738894]]],[[[123.474871,25.739384],[123.474839,25.739448],[123.474888,25.739448],[123.474871,25.739384]]],[[[123.457874,25.739465],[123.457967,25.7395],[123.458001,25.739427],[123.457874,25.739465]]],[[[123.475689,25.74002],[123.475745,25.740034],[123.475746,25.739996],[123.475689,25.74002]]],[[[123.475423,25.740071],[123.475467,25.740125],[123.47553,25.740064],[123.475423,25.740071]]],[[[123.47619,25.740144],[123.476215,25.740201],[123.476305,25.740151],[123.47619,25.740144]]],[[[123.476331,25.740196],[123.476269,25.740241],[123.476288,25.740306],[123.476331,25.740196]]],[[[123.476372,25.740209],[123.476397,25.740372],[123.476517,25.740311],[123.476372,25.740209]]],[[[123.482677,25.740376],[123.482775,25.740376],[123.482755,25.740315],[123.482677,25.740376]]],[[[123.490598,25.740553],[123.490798,25.74046],[123.490447,25.740328],[123.490598,25.740553]]],[[[123.48114,25.740522],[123.481169,25.740566],[123.481198,25.740507],[123.48114,25.740522]]],[[[123.490848,25.740593],[123.490943,25.740717],[123.490903,25.740559],[123.490848,25.740593]]],[[[123.490322,25.740468],[123.49026,25.74065],[123.490474,25.740872],[123.490322,25.740468]]],[[[123.490598,25.740553],[123.490634,25.740855],[123.490939,25.740785],[123.490598,25.740553]]],[[[123.490787,25.740823],[123.490759,25.740871],[123.490808,25.740889],[123.490787,25.740823]]],[[[123.492905,25.741789],[123.492916,25.74183],[123.492933,25.741805],[123.492905,25.741789]]],[[[123.466437,25.749015],[123.46637,25.749026],[123.466444,25.749093],[123.466437,25.749015]]],[[[123.484406,25.749785],[123.484416,25.749847],[123.484479,25.74981],[123.484406,25.749785]]],[[[123.487891,25.749987],[123.487703,25.749893],[123.487567,25.750082],[123.487891,25.749987]]],[[[123.487455,25.750206],[123.48753,25.750241],[123.487555,25.75011],[123.487455,25.750206]]],[[[123.479725,25.750841],[123.479821,25.750854],[123.479812,25.750785],[123.479725,25.750841]]],[[[123.479923,25.750434],[123.484414,25.749533],[123.4869,25.749667],[123.493878,25.74398],[123.488604,25.740197],[123.47721,25.74127],[123.464471,25.734923],[123.459724,25.735544],[123.457869,25.74067],[123.460297,25.744718],[123.470178,25.750346],[123.476436,25.751911],[123.479923,25.750434]]],[[[123.567665,25.75543],[123.566664,25.754983],[123.566661,25.755304],[123.567665,25.75543]]],[[[123.541861,25.779319],[123.540821,25.779019],[123.540793,25.779394],[123.541861,25.779319]]],[[[123.538976,25.779472],[123.539028,25.779417],[123.538932,25.779385],[123.538976,25.779472]]],[[[123.540516,25.779422],[123.540501,25.778908],[123.539569,25.779527],[123.540516,25.779422]]],[[[123.542929,25.779865],[123.54309,25.779997],[123.54313,25.779893],[123.542929,25.779865]]],[[[123.544703,25.780824],[123.543455,25.780342],[123.543572,25.781998],[123.544703,25.780824]]],[[[123.683204,25.919143],[123.683278,25.919162],[123.683218,25.919094],[123.683204,25.919143]]],[[[123.682518,25.919088],[123.682454,25.919131],[123.682529,25.919231],[123.682518,25.919088]]],[[[123.686027,25.919616],[123.686003,25.919671],[123.686037,25.919682],[123.686027,25.919616]]],[[[123.686122,25.919698],[123.686079,25.919785],[123.686207,25.919725],[123.686122,25.919698]]],[[[123.679125,25.919957],[123.679101,25.919922],[123.679044,25.919966],[123.679125,25.919957]]],[[[123.687619,25.91987],[123.687512,25.919968],[123.687613,25.919976],[123.687619,25.91987]]],[[[123.67876,25.920302],[123.678707,25.920237],[123.678583,25.920331],[123.67876,25.920302]]],[[[123.678318,25.920493],[123.678392,25.920543],[123.678442,25.920487],[123.678318,25.920493]]],[[[123.687806,25.920771],[123.687819,25.920834],[123.687897,25.920802],[123.687806,25.920771]]],[[[124.555875,25.921401],[124.555852,25.921473],[124.555923,25.921409],[124.555875,25.921401]]],[[[124.556014,25.921571],[124.55614,25.921621],[124.556125,25.921577],[124.556014,25.921571]]],[[[124.555951,25.921658],[124.556039,25.921675],[124.555975,25.921607],[124.555951,25.921658]]],[[[123.688242,25.921697],[123.688247,25.921816],[123.688302,25.921724],[123.688242,25.921697]]],[[[124.556436,25.921539],[124.556139,25.921727],[124.556454,25.921826],[124.556436,25.921539]]],[[[123.689216,25.921759],[123.689031,25.921851],[123.689265,25.921879],[123.689216,25.921759]]],[[[124.556663,25.922098],[124.556719,25.922152],[124.556747,25.922114],[124.556663,25.922098]]],[[[123.677289,25.922237],[123.677346,25.92231],[123.67735,25.922234],[123.677289,25.922237]]],[[[124.556627,25.922015],[124.556007,25.922135],[124.55648,25.922335],[124.556627,25.922015]]],[[[124.556704,25.922326],[124.556725,25.922348],[124.556745,25.922303],[124.556704,25.922326]]],[[[123.676732,25.922568],[123.676737,25.922608],[123.67677,25.922608],[123.676732,25.922568]]],[[[123.676769,25.922668],[123.676797,25.922729],[123.676811,25.922698],[123.676769,25.922668]]],[[[123.676394,25.92285],[123.676454,25.922822],[123.676392,25.922792],[123.676394,25.92285]]],[[[123.676428,25.922873],[123.676406,25.922922],[123.67648,25.922935],[123.676428,25.922873]]],[[[123.675929,25.923056],[123.675906,25.923111],[123.676075,25.923068],[123.675929,25.923056]]],[[[124.560943,25.9227],[124.556612,25.921579],[124.557502,25.922972],[124.560943,25.9227]]],[[[124.559943,25.923374],[124.559349,25.923537],[124.559969,25.92359],[124.559943,25.923374]]],[[[124.559483,25.923739],[124.55877,25.923563],[124.559057,25.923833],[124.559483,25.923739]]],[[[124.560014,25.92385],[124.559517,25.924054],[124.560171,25.924141],[124.560014,25.92385]]],[[[123.687572,25.924117],[123.68761,25.924201],[123.687767,25.924116],[123.687572,25.924117]]],[[[123.676228,25.924358],[123.676434,25.924244],[123.6762,25.924175],[123.676228,25.924358]]],[[[124.559072,25.924057],[124.559103,25.924345],[124.559393,25.924405],[124.559072,25.924057]]],[[[123.676079,25.924454],[123.676148,25.924484],[123.676198,25.924429],[123.676079,25.924454]]],[[[123.687267,25.924817],[123.687266,25.924857],[123.6873,25.924837],[123.687267,25.924817]]],[[[123.687383,25.924853],[123.687414,25.924861],[123.687416,25.924834],[123.687383,25.924853]]],[[[123.687227,25.924907],[123.68725,25.924988],[123.687295,25.92495],[123.687227,25.924907]]],[[[123.688101,25.92491],[123.687792,25.924958],[123.68797,25.925059],[123.688101,25.92491]]],[[[123.688045,25.925151],[123.688087,25.925242],[123.68814,25.925187],[123.688045,25.925151]]],[[[123.686513,25.92542],[123.686522,25.925377],[123.686479,25.92541],[123.686513,25.92542]]],[[[123.67687,25.925554],[123.676963,25.925646],[123.677055,25.925614],[123.67687,25.925554]]],[[[123.685953,25.926264],[123.686014,25.926301],[123.686061,25.926258],[123.685953,25.926264]]],[[[123.677933,25.927067],[123.677913,25.927124],[123.677993,25.927109],[123.677933,25.927067]]],[[[123.678718,25.927316],[123.678709,25.927365],[123.678744,25.927345],[123.678718,25.927316]]],[[[123.684923,25.92731],[123.684919,25.92738],[123.684982,25.927386],[123.684923,25.92731]]],[[[123.685253,25.927399],[123.685279,25.927452],[123.68535,25.9274],[123.685253,25.927399]]],[[[123.678745,25.927517],[123.678788,25.927506],[123.678764,25.92748],[123.678745,25.927517]]],[[[123.679595,25.928011],[123.679571,25.928071],[123.679633,25.928055],[123.679595,25.928011]]],[[[123.679007,25.928166],[123.679135,25.927931],[123.678924,25.927995],[123.679007,25.928166]]],[[[123.683787,25.928484],[123.683747,25.928511],[123.6838,25.928567],[123.683787,25.928484]]],[[[123.680732,25.928455],[123.680692,25.928567],[123.68078,25.928483],[123.680732,25.928455]]],[[[123.681307,25.928729],[123.681318,25.92877],[123.681352,25.928708],[123.681307,25.928729]]],[[[123.683375,25.928652],[123.68836,25.922144],[123.682361,25.919304],[123.677409,25.92241],[123.678097,25.926872],[123.683375,25.928652]]],[[[123.682678,25.929082],[123.682688,25.92913],[123.682745,25.929131],[123.682678,25.929082]]]]}},{"type":"Feature","properties":{"name":"彰化縣","code":"10007","name_en":"Changhua County"},"geometry":{"type":"Polygon","coordinates":[[[120.678641,24.014033],[120.676259,24.010852],[120.670638,24.010625],[120.672576,24.005849],[120.666149,24.007747],[120.645775,24.009137],[120.638089,24.007406],[120.636111,23.998414],[120.637504,23.993741],[120.64532,23.989619],[120.650087,23.984923],[120.646825,23.975377],[120.646847,23.963379],[120.636739,23.952698],[120.632777,23.954395],[120.627565,23.952023],[120.634597,23.943796],[120.630149,23.943057],[120.636858,23.937112],[120.63277,23.935647],[120.629199,23.929678],[120.637259,23.924563],[120.633556,23.912432],[120.630506,23.908634],[120.631628,23.902796],[120.635059,23.898601],[120.63197,23.889416],[120.624819,23.877115],[120.623954,23.868927],[120.620082,23.865395],[120.624862,23.858471],[120.627799,23.857493],[120.621323,23.844585],[120.616334,23.839421],[120.62602,23.841915],[120.62913,23.834393],[120.6243,23.82943],[120.630507,23.83243],[120.636926,23.832865],[120.639449,23.82742],[120.636902,23.824745],[120.64002,23.820299],[120.648748,23.816056],[120.650695,23.812719],[120.667581,23.816603],[120.674531,23.820046],[120.678814,23.816297],[120.678979,23.805945],[120.683408,23.80542],[120.683891,23.801355],[120.6751,23.799803],[120.666637,23.793572],[120.642536,23.785747],[120.640368,23.786051],[120.633126,23.788894],[120.614998,23.791364],[120.592587,23.79107],[120.586695,23.791989],[120.57328,23.79636],[120.560281,23.798148],[120.550745,23.801175],[120.534908,23.801241],[120.529102,23.799193],[120.511047,23.800095],[120.498403,23.80361],[120.48316,23.806571],[120.475256,23.809037],[120.458117,23.816127],[120.451963,23.817285],[120.444019,23.822157],[120.439523,23.826868],[120.433102,23.830151],[120.424955,23.830176],[120.418429,23.827012],[120.410328,23.826379],[120.382802,23.828544],[120.370317,23.828562],[120.360107,23.823259],[120.352388,23.822324],[120.333137,23.822288],[120.316394,23.820061],[120.308119,23.820305],[120.255012,23.834255],[120.241297,23.843332],[120.231425,23.852791],[120.220355,23.866222],[120.224294,23.870303],[120.226869,23.877804],[120.235323,23.885262],[120.240639,23.8879],[120.247144,23.888446],[120.255223,23.89419],[120.257736,23.899332],[120.256232,23.907897],[120.260884,23.91504],[120.261045,23.919731],[120.269135,23.93059],[120.279542,23.934897],[120.281616,23.943451],[120.280326,23.948403],[120.284014,23.955785],[120.290256,23.958226],[120.29462,23.963218],[120.306914,23.972225],[120.308377,23.97526],[120.308736,23.987107],[120.311863,23.989775],[120.316451,23.999234],[120.322366,24.005351],[120.334135,24.013942],[120.336061,24.017895],[120.337796,24.031289],[120.341409,24.039619],[120.342405,24.054722],[120.339727,24.059727],[120.342079,24.060131],[120.345254,24.066782],[120.350181,24.07139],[120.359187,24.074279],[120.363363,24.08085],[120.37726,24.083777],[120.384164,24.087675],[120.386339,24.097046],[120.379938,24.095077],[120.396826,24.117496],[120.401186,24.129935],[120.399985,24.135292],[120.401854,24.138291],[120.407112,24.139559],[120.412698,24.151113],[120.408201,24.154299],[120.414993,24.157559],[120.416076,24.169533],[120.41832,24.173674],[120.426153,24.179688],[120.424708,24.183302],[120.432699,24.186654],[120.439157,24.185732],[120.44395,24.188943],[120.456553,24.207186],[120.504381,24.191146],[120.508104,24.187166],[120.517519,24.165326],[120.524514,24.152406],[120.525665,24.146042],[120.523281,24.140952],[120.532244,24.126922],[120.540345,24.123968],[120.545224,24.116625],[120.549683,24.113883],[120.558025,24.112545],[120.572607,24.108318],[120.583518,24.10955],[120.588946,24.106101],[120.599955,24.105187],[120.603085,24.10287],[120.612362,24.102582],[120.61516,24.084292],[120.619659,24.073046],[120.625341,24.068951],[120.625685,24.057028],[120.623579,24.053267],[120.626012,24.041623],[120.628107,24.038353],[120.62447,24.033779],[120.625153,24.03019],[120.63614,24.031053],[120.63883,24.027755],[120.644859,24.025931],[120.644432,24.032312],[120.646553,24.033943],[120.651902,24.028581],[120.655655,24.030675],[120.661229,24.025702],[120.678641,24.014033]]]}},{"type":"Feature","properties":{"name":"南投縣","code":"10008","name_en":"Nantou County"},"geometry":{"type":"Polygon","coordinates":[[[121.343014,24.223554],[121.349284,24.210637],[121.349672,24.200236],[121.340854,24.198461],[121.335805,24.19911],[121.325759,24.196174],[121.316114,24.185529],[121.305644,24.180047],[121.298784,24.180091],[121.29171,24.177109],[121.2862,24.17736],[121.288288,24.166227],[121.287798,24.157209],[121.280332,24.157864],[121.284682,24.152042],[121.284219,24.145849],[121.281367,24.135872],[121.295862,24.132441],[121.30354,24.124579],[121.315881,24.116418],[121.328401,24.114633],[121.325224,24.101829],[121.319118,24.095396],[121.323295,24.086544],[121.318374,24.080061],[121.30819,24.073307],[121.298921,24.061638],[121.295543,24.063779],[121.283207,24.054267],[121.285726,24.039721],[121.276608,24.024615],[121.276315,24.020151],[121.271786,24.013118],[121.26942,24.006344],[121.260111,23.992324],[121.261606,23.981244],[121.264866,23.975364],[121.273214,23.975366],[121.277909,23.965832],[121.275246,23.960418],[121.274704,23.951445],[121.27182,23.948216],[121.274285,23.945714],[121.272075,23.938216],[121.274849,23.931541],[121.273407,23.928489],[121.276513,23.923162],[121.274901,23.907534],[121.26627,23.907265],[121.261061,23.902601],[121.262327,23.899249],[121.266534,23.898409],[121.265506,23.89124],[121.268284,23.883439],[121.262926,23.879499],[121.265251,23.872904],[121.257974,23.872331],[121.253035,23.867893],[121.250397,23.860846],[121.248923,23.85213],[121.244517,23.848911],[121.239767,23.841049],[121.234554,23.812171],[121.2276,23.808607],[121.225506,23.798233],[121.227061,23.791277],[121.230331,23.790277],[121.228346,23.785222],[121.211735,23.775579],[121.204651,23.772397],[121.20861,23.765999],[121.206464,23.762884],[121.213173,23.757621],[121.218645,23.756383],[121.22148,23.75272],[121.229306,23.752268],[121.23308,23.747951],[121.228815,23.744283],[121.229639,23.730189],[121.233163,23.730043],[121.23621,23.724358],[121.239408,23.724346],[121.237818,23.719851],[121.239265,23.710962],[121.241172,23.709005],[121.239354,23.69978],[121.239321,23.686744],[121.234279,23.680958],[121.232635,23.676293],[121.236009,23.670505],[121.235424,23.661407],[121.231927,23.657878],[121.230249,23.647986],[121.224264,23.639131],[121.22473,23.626818],[121.219955,23.616926],[121.217323,23.614696],[121.213121,23.600082],[121.20623,23.595787],[121.200126,23.596401],[121.194562,23.600524],[121.189409,23.594812],[121.179827,23.590087],[121.178828,23.583121],[121.171084,23.584437],[121.169409,23.586574],[121.153392,23.586778],[121.151917,23.573906],[121.153434,23.57167],[121.160352,23.569764],[121.157143,23.559555],[121.152042,23.560533],[121.146233,23.554197],[121.150998,23.545416],[121.146876,23.534105],[121.150756,23.528812],[121.138335,23.520592],[121.13557,23.515246],[121.128267,23.518486],[121.126351,23.517047],[121.120452,23.520995],[121.103674,23.51893],[121.097574,23.52169],[121.092099,23.514842],[121.082758,23.514703],[121.068522,23.518475],[121.066023,23.506119],[121.062081,23.49943],[121.052794,23.493565],[121.053334,23.487486],[121.039007,23.474433],[121.049652,23.467833],[121.051126,23.464487],[121.059005,23.461887],[121.053241,23.455439],[121.05158,23.450762],[121.033528,23.44544],[121.026519,23.439153],[121.021891,23.438884],[121.015268,23.43541],[121.010581,23.441244],[121.010625,23.446496],[121.015855,23.451609],[121.008461,23.462086],[120.999693,23.462167],[120.98355,23.467024],[120.979066,23.469375],[120.970632,23.469042],[120.966706,23.4717],[120.957515,23.469503],[120.947519,23.467123],[120.937954,23.472926],[120.930785,23.470703],[120.917483,23.475693],[120.887142,23.475605],[120.880797,23.467642],[120.873095,23.468528],[120.863583,23.473474],[120.848742,23.472156],[120.84255,23.47327],[120.838972,23.47122],[120.832642,23.474733],[120.827075,23.483383],[120.825444,23.494823],[120.82282,23.498919],[120.824062,23.504131],[120.823177,23.510943],[120.819871,23.514534],[120.818135,23.523462],[120.81095,23.5345],[120.80861,23.536187],[120.808832,23.545862],[120.811493,23.551056],[120.815902,23.553668],[120.814005,23.556001],[120.820676,23.562622],[120.821897,23.570912],[120.819573,23.57487],[120.821316,23.581254],[120.825388,23.586539],[120.819885,23.590439],[120.81687,23.595603],[120.818611,23.598243],[120.813903,23.600952],[120.803728,23.596824],[120.794916,23.597249],[120.790871,23.600945],[120.779569,23.601607],[120.764281,23.612239],[120.75808,23.612489],[120.752935,23.614849],[120.747479,23.611165],[120.741751,23.612433],[120.735857,23.609548],[120.730863,23.610808],[120.730767,23.618081],[120.723823,23.621905],[120.718701,23.62981],[120.713044,23.627813],[120.71407,23.621018],[120.705027,23.61727],[120.691541,23.620392],[120.686056,23.618211],[120.683588,23.610877],[120.669134,23.609343],[120.661201,23.610472],[120.658667,23.613576],[120.651446,23.616109],[120.653606,23.628763],[120.645132,23.630986],[120.635409,23.619881],[120.631015,23.621742],[120.628714,23.630319],[120.629073,23.635166],[120.635284,23.643134],[120.635094,23.649713],[120.641378,23.665701],[120.646769,23.672515],[120.646153,23.677336],[120.648262,23.682917],[120.646251,23.684907],[120.646593,23.691738],[120.643432,23.699673],[120.645668,23.703207],[120.641487,23.705526],[120.63898,23.710578],[120.641678,23.722283],[120.639696,23.726507],[120.64462,23.736652],[120.655838,23.735121],[120.654463,23.739792],[120.655967,23.753764],[120.6485,23.773216],[120.640368,23.786051],[120.642536,23.785747],[120.666637,23.793572],[120.6751,23.799803],[120.683891,23.801355],[120.683408,23.80542],[120.678979,23.805945],[120.678814,23.816297],[120.674531,23.820046],[120.667581,23.816603],[120.650695,23.812719],[120.648748,23.816056],[120.64002,23.820299],[120.636902,23.824745],[120.639449,23.82742],[120.636926,23.832865],[120.630507,23.83243],[120.6243,23.82943],[120.62913,23.834393],[120.62602,23.841915],[120.616334,23.839421],[120.621323,23.844585],[120.627799,23.857493],[120.624862,23.858471],[120.620082,23.865395],[120.623954,23.868927],[120.624819,23.877115],[120.63197,23.889416],[120.635059,23.898601],[120.631628,23.902796],[120.630506,23.908634],[120.633556,23.912432],[120.637259,23.924563],[120.629199,23.929678],[120.63277,23.935647],[120.636858,23.937112],[120.630149,23.943057],[120.634597,23.943796],[120.627565,23.952023],[120.632777,23.954395],[120.636739,23.952698],[120.646847,23.963379],[120.646825,23.975377],[120.650087,23.984923],[120.64532,23.989619],[120.637504,23.993741],[120.636111,23.998414],[120.638089,24.007406],[120.645775,24.009137],[120.666149,24.007747],[120.672576,24.005849],[120.670638,24.010625],[120.676259,24.010852],[120.678641,24.014033],[120.694878,24.00712],[120.706378,24.005193],[120.719237,24.009661],[120.731727,24.009005],[120.743646,24.002171],[120.746034,23.998563],[120.751032,24.002828],[120.757902,24.006066],[120.770559,24.009075],[120.771435,24.014418],[120.776122,24.019204],[120.784643,24.024079],[120.784781,24.027611],[120.792919,24.032482],[120.791691,24.035263],[120.797248,24.040942],[120.797027,24.043676],[120.803683,24.053541],[120.803269,24.056173],[120.806973,24.064224],[120.814454,24.069896],[120.816347,24.068464],[120.829296,24.07151],[120.828366,24.076882],[120.828523,24.094488],[120.832435,24.098264],[120.830314,24.102133],[120.834022,24.106615],[120.836272,24.116951],[120.844846,24.124528],[120.853867,24.124511],[120.85721,24.117301],[120.865515,24.115483],[120.872236,24.116931],[120.878871,24.107717],[120.881488,24.100506],[120.876858,24.091193],[120.878014,24.085029],[120.882004,24.088325],[120.886789,24.095838],[120.891534,24.098696],[120.894172,24.110745],[120.891043,24.115639],[120.894911,24.116523],[120.904885,24.114487],[120.907093,24.110725],[120.914552,24.107574],[120.91988,24.107442],[120.927144,24.111725],[120.93186,24.112214],[120.950107,24.127862],[120.961208,24.120153],[120.970954,24.120283],[120.97522,24.116955],[120.985221,24.120186],[120.989084,24.118767],[120.992195,24.125342],[120.998622,24.126913],[121.000504,24.132411],[121.003488,24.133885],[121.007106,24.144896],[121.015509,24.156008],[121.019886,24.158869],[121.029564,24.15767],[121.030888,24.149626],[121.035594,24.150763],[121.037779,24.157888],[121.047584,24.160024],[121.052588,24.154767],[121.059292,24.16268],[121.064295,24.162897],[121.072418,24.16987],[121.081228,24.17555],[121.084876,24.175923],[121.091345,24.18273],[121.091063,24.184816],[121.096327,24.192071],[121.105682,24.197214],[121.12255,24.196087],[121.136355,24.196338],[121.141362,24.19965],[121.143001,24.205281],[121.14813,24.213067],[121.161132,24.215353],[121.1677,24.225385],[121.180736,24.21228],[121.188506,24.214915],[121.196697,24.223144],[121.208088,24.221671],[121.215806,24.225347],[121.219708,24.229239],[121.237952,24.219707],[121.24416,24.222495],[121.25122,24.237992],[121.255067,24.243219],[121.265414,24.245668],[121.268913,24.237916],[121.276614,24.235581],[121.280192,24.229766],[121.293129,24.229164],[121.29889,24.23577],[121.303667,24.233761],[121.316447,24.23439],[121.319393,24.231949],[121.324437,24.233008],[121.339117,24.226704],[121.343014,24.223554]]]}},{"type":"Feature","properties":{"name":"雲林縣","code":"10009","name_en":"Yunlin County"},"geometry":{"type":"MultiPolygon","coordinates":[[[[120.090801,23.520261],[120.095222,23.515456],[120.095798,23.510556],[120.082133,23.511858],[120.082638,23.508628],[120.076592,23.507328],[120.075367,23.501371],[120.071082,23.503142],[120.066487,23.498645],[120.071569,23.494359],[120.067839,23.490147],[120.065268,23.491929],[120.054008,23.491789],[120.062782,23.489458],[120.064546,23.48731],[120.062519,23.480481],[120.052874,23.479637],[120.058305,23.482695],[120.054313,23.488061],[120.048964,23.476796],[120.0423,23.477695],[120.046718,23.489965],[120.051436,23.492802],[120.045018,23.493576],[120.043766,23.48415],[120.034953,23.47736],[120.02978,23.479604],[120.024723,23.474615],[120.022549,23.469635],[120.024522,23.460284],[120.020122,23.458713],[120.013896,23.459983],[120.016722,23.468037],[120.012292,23.467837],[120.007567,23.461064],[120.014447,23.45279],[120.019921,23.444219],[120.01917,23.436287],[120.017254,23.441295],[120.008097,23.451964],[120.004453,23.460336],[119.996897,23.46577],[120.000312,23.472946],[120.004184,23.474207],[120.016056,23.484204],[120.03786,23.496854],[120.052285,23.507101],[120.056433,23.508733],[120.063793,23.515017],[120.066615,23.51516],[120.073267,23.520699],[120.081077,23.524122],[120.090801,23.520261]]],[[[120.105266,23.536019],[120.103786,23.53137],[120.108755,23.531868],[120.111464,23.529436],[120.107274,23.527453],[120.099969,23.529479],[120.098897,23.523775],[120.096045,23.521645],[120.090903,23.5292],[120.09263,23.534023],[120.098511,23.542057],[120.105266,23.536019]]],[[[120.13659,23.543447],[120.133842,23.536497],[120.127496,23.53238],[120.126793,23.541496],[120.131786,23.548242],[120.13659,23.543447]]],[[[120.131673,23.557225],[120.129572,23.551083],[120.127661,23.557275],[120.122718,23.556435],[120.12254,23.552416],[120.115373,23.546037],[120.10947,23.545136],[120.108115,23.539638],[120.103694,23.543785],[120.105051,23.547973],[120.112243,23.555725],[120.122872,23.556977],[120.124477,23.562919],[120.130789,23.563794],[120.131673,23.557225]]],[[[120.129844,23.569179],[120.127284,23.573418],[120.132656,23.578649],[120.1318,23.571249],[120.129844,23.569179]]],[[[120.640368,23.786051],[120.6485,23.773216],[120.655967,23.753764],[120.654463,23.739792],[120.655838,23.735121],[120.64462,23.736652],[120.639696,23.726507],[120.641678,23.722283],[120.63898,23.710578],[120.641487,23.705526],[120.645668,23.703207],[120.643432,23.699673],[120.646593,23.691738],[120.646251,23.684907],[120.648262,23.682917],[120.646153,23.677336],[120.646769,23.672515],[120.641378,23.665701],[120.635094,23.649713],[120.635284,23.643134],[120.629073,23.635166],[120.628714,23.630319],[120.631015,23.621742],[120.635409,23.619881],[120.645132,23.630986],[120.653606,23.628763],[120.651446,23.616109],[120.658667,23.613576],[120.661201,23.610472],[120.669134,23.609343],[120.683588,23.610877],[120.686056,23.618211],[120.691541,23.620392],[120.705027,23.61727],[120.71407,23.621018],[120.713044,23.627813],[120.718701,23.62981],[120.723823,23.621905],[120.730767,23.618081],[120.730863,23.610808],[120.724605,23.603656],[120.732723,23.597033],[120.729935,23.593435],[120.73389,23.584722],[120.73216,23.57713],[120.736157,23.570459],[120.728179,23.570306],[120.724293,23.571875],[120.717943,23.569044],[120.709498,23.572077],[120.709109,23.575596],[120.704316,23.57501],[120.694019,23.576503],[120.685624,23.574563],[120.676239,23.570713],[120.67077,23.578478],[120.660683,23.576296],[120.658053,23.57288],[120.65082,23.572425],[120.64348,23.578214],[120.649034,23.582744],[120.647155,23.58787],[120.649067,23.592547],[120.645619,23.593535],[120.630621,23.589945],[120.625217,23.59066],[120.618996,23.58417],[120.615462,23.585321],[120.609802,23.582611],[120.606512,23.584213],[120.599757,23.583321],[120.588835,23.5855],[120.585915,23.5826],[120.580296,23.582274],[120.570917,23.58795],[120.565688,23.589429],[120.55781,23.589213],[120.556571,23.592851],[120.536933,23.594729],[120.529511,23.599861],[120.527723,23.60321],[120.5176,23.611078],[120.510244,23.619352],[120.506395,23.626096],[120.507641,23.630237],[120.50355,23.635281],[120.492859,23.633231],[120.48905,23.635891],[120.485851,23.630633],[120.478727,23.632778],[120.473987,23.63107],[120.460697,23.629403],[120.453993,23.626302],[120.454176,23.629922],[120.44421,23.630382],[120.441123,23.625976],[120.435989,23.626073],[120.429925,23.618358],[120.422021,23.619269],[120.420064,23.625202],[120.415789,23.621382],[120.406595,23.625286],[120.406407,23.632547],[120.40088,23.632156],[120.402638,23.626939],[120.386619,23.621015],[120.379776,23.609928],[120.366504,23.607808],[120.365877,23.603003],[120.359873,23.595696],[120.355315,23.593664],[120.343313,23.591919],[120.333652,23.591788],[120.333114,23.579204],[120.326995,23.574172],[120.3204,23.572391],[120.311878,23.574962],[120.307563,23.574694],[120.306731,23.571524],[120.310585,23.564536],[120.306544,23.562872],[120.297649,23.564535],[120.289249,23.56118],[120.29088,23.550764],[120.276354,23.543472],[120.271906,23.530751],[120.268906,23.530201],[120.263444,23.533529],[120.256091,23.546095],[120.248898,23.54576],[120.242587,23.542639],[120.247063,23.516206],[120.246645,23.513833],[120.239097,23.507692],[120.22304,23.50432],[120.205005,23.511809],[120.19508,23.512645],[120.189921,23.510046],[120.180971,23.509852],[120.16658,23.517234],[120.158129,23.515925],[120.145839,23.520825],[120.145375,23.526466],[120.150269,23.531937],[120.148625,23.536892],[120.1417,23.544367],[120.139591,23.54966],[120.140048,23.558812],[120.1433,23.57213],[120.140709,23.573077],[120.141675,23.59229],[120.144583,23.598174],[120.13944,23.599578],[120.140296,23.608677],[120.139179,23.61471],[120.133011,23.615694],[120.133505,23.619411],[120.13716,23.62039],[120.138318,23.631786],[120.13708,23.636168],[120.134446,23.634213],[120.131201,23.624366],[120.123531,23.621847],[120.118311,23.626631],[120.11448,23.632857],[120.11495,23.636236],[120.123959,23.643203],[120.127589,23.652167],[120.135221,23.667141],[120.139215,23.684236],[120.145374,23.691941],[120.146916,23.706748],[120.156179,23.715463],[120.155818,23.719443],[120.165805,23.7419],[120.166804,23.755586],[120.169182,23.758933],[120.1629,23.77255],[120.162879,23.779714],[120.156752,23.784551],[120.160149,23.786702],[120.165066,23.794435],[120.175455,23.803147],[120.174981,23.805824],[120.18108,23.809796],[120.182054,23.815688],[120.191685,23.818249],[120.200076,23.826677],[120.207667,23.837221],[120.208391,23.841927],[120.204512,23.844903],[120.205199,23.848378],[120.214318,23.85072],[120.219244,23.858476],[120.220355,23.866222],[120.231425,23.852791],[120.241297,23.843332],[120.255012,23.834255],[120.308119,23.820305],[120.316394,23.820061],[120.333137,23.822288],[120.352388,23.822324],[120.360107,23.823259],[120.370317,23.828562],[120.382802,23.828544],[120.410328,23.826379],[120.418429,23.827012],[120.424955,23.830176],[120.433102,23.830151],[120.439523,23.826868],[120.444019,23.822157],[120.451963,23.817285],[120.458117,23.816127],[120.475256,23.809037],[120.48316,23.806571],[120.498403,23.80361],[120.511047,23.800095],[120.529102,23.799193],[120.534908,23.801241],[120.550745,23.801175],[120.560281,23.798148],[120.57328,23.79636],[120.586695,23.791989],[120.592587,23.79107],[120.614998,23.791364],[120.633126,23.788894],[120.640368,23.786051]]]]}},{"type":"Feature","properties":{"name":"基隆市","code":"10017","name_en":"Keelung City"},"geometry":{"type":"MultiPolygon","coordinates":[[[[121.8035,25.136206],[121.804984,25.125794],[121.802361,25.121769],[121.794647,25.126419],[121.794197,25.123353],[121.798833,25.119337],[121.797759,25.114316],[121.790147,25.112266],[121.785916,25.118192],[121.783527,25.116597],[121.77297,25.120113],[121.766899,25.112526],[121.759382,25.11259],[121.757008,25.110131],[121.750024,25.109726],[121.75273,25.106848],[121.756049,25.108409],[121.759881,25.100528],[121.758356,25.094778],[121.759121,25.084479],[121.761678,25.078394],[121.767082,25.078774],[121.771494,25.075883],[121.775695,25.07],[121.771719,25.063209],[121.769999,25.063488],[121.762329,25.056983],[121.759286,25.059452],[121.752146,25.057619],[121.745905,25.052997],[121.73783,25.054659],[121.732097,25.052712],[121.726199,25.05812],[121.722693,25.058469],[121.712361,25.068037],[121.706868,25.06659],[121.69935,25.06745],[121.69648,25.070099],[121.688412,25.071741],[121.678961,25.079465],[121.681536,25.087678],[121.674021,25.082923],[121.667905,25.08576],[121.655685,25.093616],[121.64893,25.10191],[121.652226,25.104682],[121.646229,25.113628],[121.646236,25.121056],[121.643025,25.12783],[121.634648,25.130468],[121.628377,25.135013],[121.626791,25.139739],[121.634773,25.143908],[121.64627,25.14577],[121.658272,25.152234],[121.669189,25.1534],[121.671462,25.155567],[121.67765,25.155811],[121.683169,25.160653],[121.68759,25.16189],[121.691286,25.166327],[121.69894,25.16722],[121.70224,25.17352],[121.709649,25.176565],[121.710083,25.170023],[121.707246,25.166031],[121.723654,25.16517],[121.730272,25.164003],[121.734841,25.160525],[121.738893,25.160946],[121.742621,25.15727],[121.748493,25.156253],[121.764879,25.16374],[121.776814,25.158908],[121.773413,25.15645],[121.777932,25.151453],[121.779851,25.15321],[121.785058,25.149557],[121.793191,25.146876],[121.807025,25.149139],[121.807852,25.146495],[121.803077,25.141956],[121.8035,25.136206]]],[[[121.78921,25.195642],[121.787683,25.19127],[121.781527,25.190853],[121.784548,25.194939],[121.78921,25.195642]]],[[[121.946687,25.424176],[121.946086,25.423676],[121.946299,25.424753],[121.946687,25.424176]]],[[[122.109033,25.483828],[122.108435,25.484125],[122.109002,25.484067],[122.109033,25.483828]]],[[[122.107545,25.486827],[122.105505,25.481987],[122.104475,25.487331],[122.107545,25.486827]]],[[[122.106972,25.487638],[122.106887,25.487886],[122.10713,25.487874],[122.106972,25.487638]]],[[[122.083947,25.633194],[122.0851,25.629322],[122.0792,25.622976],[122.072943,25.626482],[122.07399,25.632106],[122.083947,25.633194]]]]}},{"type":"Feature","properties":{"name":"臺北市","code":"63000","name_en":"Taipei City"},"geometry":{"type":"Polygon","coordinates":[[[121.571742,25.195388],[121.583756,25.194597],[121.583989,25.188793],[121.580923,25.182075],[121.583277,25.177554],[121.577289,25.169955],[121.578849,25.165613],[121.589861,25.163718],[121.591782,25.157579],[121.589635,25.152155],[121.593723,25.15005],[121.59576,25.143584],[121.604067,25.136178],[121.604635,25.130761],[121.607829,25.130168],[121.60171,25.126028],[121.595593,25.113277],[121.597482,25.109511],[121.615456,25.103843],[121.617405,25.101124],[121.626214,25.096094],[121.625055,25.09367],[121.628606,25.086474],[121.624139,25.079986],[121.621462,25.069552],[121.616123,25.063922],[121.621646,25.060338],[121.624255,25.055744],[121.616298,25.050556],[121.619049,25.043543],[121.624922,25.037727],[121.633641,25.035649],[121.650229,25.027628],[121.656814,25.027945],[121.660793,25.030449],[121.665934,25.029878],[121.664046,25.023177],[121.649904,25.023971],[121.646111,25.021763],[121.63093,25.024729],[121.628985,25.019999],[121.623181,25.017258],[121.609788,25.02021],[121.604118,25.01909],[121.602701,25.015147],[121.597518,25.014782],[121.595904,25.004508],[121.599708,25.002488],[121.600527,24.998512],[121.598131,24.994497],[121.601866,24.990447],[121.599873,24.986479],[121.600179,24.976941],[121.605107,24.974433],[121.611244,24.97461],[121.619185,24.970601],[121.619635,24.96716],[121.613658,24.966439],[121.608466,24.963193],[121.597069,24.960506],[121.593388,24.964213],[121.585724,24.963205],[121.574549,24.966846],[121.572779,24.964025],[121.561211,24.964712],[121.55847,24.968537],[121.553046,24.980754],[121.553905,24.984365],[121.544853,24.983781],[121.543859,24.988279],[121.536846,24.988729],[121.535013,24.995071],[121.53169,24.990508],[121.530506,24.998012],[121.533859,25.003604],[121.532143,25.008128],[121.525746,25.011876],[121.519294,25.019546],[121.509113,25.021344],[121.500266,25.011955],[121.492651,25.009528],[121.488755,25.015319],[121.488795,25.023349],[121.483634,25.035302],[121.488812,25.042571],[121.495649,25.042961],[121.50135,25.045954],[121.506219,25.053636],[121.505629,25.060769],[121.507037,25.069887],[121.502631,25.082966],[121.499759,25.087237],[121.489095,25.09686],[121.481069,25.100879],[121.466376,25.101658],[121.457323,25.107101],[121.460927,25.116199],[121.458785,25.122943],[121.464818,25.124258],[121.465602,25.131552],[121.482857,25.150223],[121.486447,25.150771],[121.492752,25.160761],[121.497429,25.16373],[121.501745,25.169294],[121.502563,25.173255],[121.510415,25.169438],[121.513013,25.170952],[121.520054,25.169402],[121.522554,25.174683],[121.521697,25.179002],[121.525676,25.182767],[121.533366,25.183579],[121.535804,25.186674],[121.542819,25.188955],[121.54323,25.193654],[121.546311,25.196972],[121.55259,25.198813],[121.551498,25.20211],[121.555001,25.208433],[121.562497,25.209554],[121.564892,25.200944],[121.571742,25.195388]]]}},{"type":"Feature","properties":{"name":"新北市","code":"65000","name_en":"New Taipei City"},"geometry":{"type":"Polygon","coordinates":[[[121.709649,25.176565],[121.70224,25.17352],[121.69894,25.16722],[121.691286,25.166327],[121.68759,25.16189],[121.683169,25.160653],[121.67765,25.155811],[121.671462,25.155567],[121.669189,25.1534],[121.658272,25.152234],[121.64627,25.14577],[121.634773,25.143908],[121.626791,25.139739],[121.628377,25.135013],[121.634648,25.130468],[121.643025,25.12783],[121.646236,25.121056],[121.646229,25.113628],[121.652226,25.104682],[121.64893,25.10191],[121.655685,25.093616],[121.667905,25.08576],[121.674021,25.082923],[121.681536,25.087678],[121.678961,25.079465],[121.688412,25.071741],[121.69648,25.070099],[121.69935,25.06745],[121.706868,25.06659],[121.712361,25.068037],[121.722693,25.058469],[121.726199,25.05812],[121.732097,25.052712],[121.73783,25.054659],[121.745905,25.052997],[121.752146,25.057619],[121.759286,25.059452],[121.762329,25.056983],[121.769999,25.063488],[121.771719,25.063209],[121.775695,25.07],[121.771494,25.075883],[121.767082,25.078774],[121.761678,25.078394],[121.759121,25.084479],[121.758356,25.094778],[121.759881,25.100528],[121.756049,25.108409],[121.75273,25.106848],[121.750024,25.109726],[121.757008,25.110131],[121.759382,25.11259],[121.766899,25.112526],[121.77297,25.120113],[121.783527,25.116597],[121.785916,25.118192],[121.790147,25.112266],[121.797759,25.114316],[121.798833,25.119337],[121.794197,25.123353],[121.794647,25.126419],[121.802361,25.121769],[121.804984,25.125794],[121.8035,25.136206],[121.810417,25.133103],[121.821864,25.136036],[121.826626,25.135644],[121.819756,25.129363],[121.822529,25.121443],[121.828001,25.122738],[121.828491,25.127286],[121.840694,25.128601],[121.856076,25.124814],[121.868503,25.123145],[121.869522,25.125227],[121.875984,25.125565],[121.884357,25.123327],[121.892134,25.119741],[121.900756,25.120787],[121.904521,25.124324],[121.914644,25.124206],[121.915712,25.126715],[121.924012,25.13012],[121.926782,25.128845],[121.921199,25.12132],[121.920808,25.117462],[121.916939,25.11618],[121.918598,25.112516],[121.92319,25.113286],[121.926544,25.108149],[121.91942,25.102125],[121.919586,25.094854],[121.914426,25.089751],[121.916866,25.081405],[121.915353,25.078082],[121.928448,25.070869],[121.931709,25.063124],[121.931564,25.054112],[121.928945,25.046239],[121.929528,25.039816],[121.934548,25.032362],[121.947102,25.021065],[121.966918,25.023925],[121.973643,25.026565],[121.983013,25.02492],[121.99016,25.021063],[121.992278,25.016474],[121.991175,25.012957],[121.997625,25.01949],[122.001811,25.014809],[122.005436,25.014835],[122.006626,25.011016],[122.005153,25.001551],[121.996673,25.000764],[121.989291,24.993751],[121.983876,24.990558],[121.976067,24.988812],[121.974739,24.985295],[121.966028,24.983084],[121.962812,24.987764],[121.943922,24.987943],[121.940556,24.984532],[121.922294,24.978608],[121.912472,24.978295],[121.910413,24.974835],[121.902754,24.974337],[121.897195,24.967071],[121.888496,24.963179],[121.882305,24.964135],[121.871543,24.960723],[121.861224,24.963667],[121.852558,24.959609],[121.84717,24.960361],[121.841379,24.954167],[121.839231,24.946341],[121.839839,24.942206],[121.846619,24.937842],[121.849137,24.930331],[121.853828,24.927912],[121.852116,24.923739],[121.84559,24.919372],[121.84373,24.915726],[121.831812,24.904911],[121.822379,24.904552],[121.818268,24.902722],[121.811677,24.906526],[121.810494,24.903668],[121.804526,24.90117],[121.797059,24.90159],[121.791751,24.899535],[121.793009,24.896248],[121.781664,24.889398],[121.782233,24.879187],[121.785205,24.874193],[121.777292,24.869718],[121.775475,24.865128],[121.76916,24.865922],[121.760977,24.856704],[121.747834,24.85491],[121.741982,24.852462],[121.738419,24.855241],[121.732621,24.855819],[121.721913,24.849853],[121.714259,24.841786],[121.708969,24.84058],[121.701722,24.834351],[121.69636,24.834545],[121.696389,24.830453],[121.687671,24.824347],[121.689321,24.817331],[121.680755,24.817516],[121.67415,24.814148],[121.668991,24.818],[121.660727,24.810851],[121.653106,24.811269],[121.647473,24.81388],[121.645728,24.8097],[121.638795,24.810728],[121.628045,24.807999],[121.624926,24.80208],[121.62529,24.794967],[121.62043,24.792556],[121.609628,24.793768],[121.605635,24.789129],[121.591946,24.787505],[121.597562,24.772553],[121.596247,24.767316],[121.590486,24.760742],[121.589953,24.751892],[121.596132,24.748236],[121.59166,24.744919],[121.595355,24.739124],[121.594071,24.729266],[121.59754,24.727677],[121.587679,24.720332],[121.577811,24.721779],[121.577274,24.714876],[121.574805,24.710113],[121.570453,24.713966],[121.567478,24.711516],[121.563253,24.712794],[121.556368,24.711224],[121.550303,24.705673],[121.543395,24.705739],[121.537844,24.699722],[121.538828,24.694589],[121.536865,24.688497],[121.529123,24.687624],[121.523787,24.683297],[121.512203,24.684478],[121.505526,24.679904],[121.499169,24.678025],[121.492718,24.673194],[121.486851,24.675168],[121.479988,24.673851],[121.475994,24.679193],[121.473033,24.68968],[121.474228,24.696104],[121.469815,24.696197],[121.463638,24.701032],[121.450348,24.705578],[121.448784,24.712191],[121.445141,24.714785],[121.440954,24.726084],[121.434269,24.730024],[121.435353,24.732901],[121.42874,24.747897],[121.428479,24.753456],[121.423417,24.763095],[121.42542,24.766965],[121.431424,24.771939],[121.435748,24.772963],[121.440567,24.779141],[121.445957,24.781723],[121.449517,24.785937],[121.449471,24.791061],[121.4457,24.790134],[121.438259,24.79534],[121.436428,24.812198],[121.429979,24.81492],[121.425334,24.820038],[121.423525,24.825476],[121.417583,24.825252],[121.413842,24.831962],[121.415637,24.835499],[121.402696,24.843575],[121.397981,24.84178],[121.393657,24.843979],[121.385033,24.84081],[121.384541,24.838021],[121.377887,24.834485],[121.372814,24.834982],[121.357783,24.839521],[121.35486,24.843953],[121.346737,24.845889],[121.339572,24.843397],[121.335988,24.843929],[121.336963,24.848214],[121.346733,24.85021],[121.352461,24.849073],[121.354786,24.853354],[121.357873,24.85315],[121.35365,24.858413],[121.347334,24.862074],[121.345911,24.868159],[121.354394,24.873237],[121.353518,24.876466],[121.345627,24.880057],[121.344725,24.885766],[121.341366,24.887462],[121.342118,24.892593],[121.333314,24.891793],[121.333571,24.899172],[121.327826,24.895921],[121.320355,24.900284],[121.326198,24.909183],[121.317578,24.916362],[121.324599,24.923344],[121.335511,24.925074],[121.339795,24.928502],[121.333242,24.929831],[121.32205,24.928043],[121.323212,24.931281],[121.315774,24.938475],[121.325,24.943623],[121.33158,24.945835],[121.32802,24.949037],[121.329146,24.960578],[121.327854,24.972814],[121.323671,24.972822],[121.327142,24.97767],[121.340246,24.980095],[121.342674,24.98232],[121.347339,24.978837],[121.352341,24.980851],[121.353965,24.977844],[121.363711,24.979591],[121.368778,24.976812],[121.385473,24.986685],[121.383403,24.988609],[121.384251,24.995743],[121.388028,24.996398],[121.394268,24.993511],[121.396835,24.997304],[121.403229,24.99933],[121.39951,25.006973],[121.391284,25.012252],[121.392955,25.015583],[121.401851,25.015855],[121.412118,25.018847],[121.398255,25.030174],[121.400742,25.037948],[121.39437,25.040091],[121.392644,25.043392],[121.399854,25.044962],[121.399747,25.049365],[121.392937,25.05398],[121.38619,25.052591],[121.385762,25.058151],[121.39107,25.061518],[121.3829,25.062936],[121.376674,25.066094],[121.35488,25.06515],[121.346442,25.070302],[121.349569,25.0713],[121.343708,25.075074],[121.350196,25.081169],[121.346692,25.083535],[121.338663,25.083634],[121.324712,25.092621],[121.318231,25.093011],[121.310509,25.096548],[121.302842,25.096766],[121.298298,25.104495],[121.291613,25.102641],[121.29032,25.106757],[121.28268,25.110065],[121.28338,25.117811],[121.291341,25.118576],[121.298764,25.124198],[121.309512,25.125897],[121.310222,25.123747],[121.320133,25.123421],[121.338617,25.126967],[121.353443,25.131602],[121.371988,25.141986],[121.379466,25.143004],[121.389761,25.147741],[121.387992,25.15204],[121.391701,25.167992],[121.402297,25.158789],[121.405524,25.160428],[121.41884,25.177411],[121.416358,25.180659],[121.404293,25.183097],[121.404849,25.189836],[121.418744,25.191548],[121.418928,25.199272],[121.43086,25.21589],[121.437305,25.219674],[121.446112,25.240365],[121.447621,25.246665],[121.452679,25.252813],[121.462505,25.252052],[121.471567,25.255994],[121.477026,25.266268],[121.480938,25.270879],[121.490972,25.274705],[121.497341,25.278854],[121.508988,25.282928],[121.508345,25.288745],[121.511848,25.291805],[121.516902,25.284902],[121.525934,25.286017],[121.533333,25.289874],[121.533757,25.297066],[121.537131,25.300305],[121.541209,25.294589],[121.550386,25.291633],[121.553793,25.293023],[121.560303,25.291981],[121.565424,25.294036],[121.569303,25.298457],[121.577724,25.298896],[121.586657,25.293424],[121.597039,25.291578],[121.607926,25.281457],[121.615691,25.279247],[121.623118,25.273908],[121.629735,25.266788],[121.634123,25.260037],[121.635878,25.250094],[121.633879,25.240634],[121.636392,25.236399],[121.64272,25.230933],[121.652623,25.232782],[121.653769,25.229342],[121.650169,25.222741],[121.655846,25.213306],[121.662689,25.20741],[121.67059,25.20272],[121.678077,25.205951],[121.678482,25.202635],[121.684155,25.207178],[121.687257,25.205229],[121.692663,25.208528],[121.697052,25.215097],[121.702522,25.216263],[121.693367,25.207659],[121.691903,25.204353],[121.695999,25.203705],[121.689791,25.196584],[121.685839,25.189531],[121.692661,25.180135],[121.696128,25.181764],[121.702723,25.180587],[121.704613,25.176841],[121.709649,25.176565]],[[121.571742,25.195388],[121.583756,25.194597],[121.583989,25.188793],[121.580923,25.182075],[121.583277,25.177554],[121.577289,25.169955],[121.578849,25.165613],[121.589861,25.163718],[121.591782,25.157579],[121.589635,25.152155],[121.593723,25.15005],[121.59576,25.143584],[121.604067,25.136178],[121.604635,25.130761],[121.607829,25.130168],[121.60171,25.126028],[121.595593,25.113277],[121.597482,25.109511],[121.615456,25.103843],[121.617405,25.101124],[121.626214,25.096094],[121.625055,25.09367],[121.628606,25.086474],[121.624139,25.079986],[121.621462,25.069552],[121.616123,25.063922],[121.621646,25.060338],[121.624255,25.055744],[121.616298,25.050556],[121.619049,25.043543],[121.624922,25.037727],[121.633641,25.035649],[121.650229,25.027628],[121.656814,25.027945],[121.660793,25.030449],[121.665934,25.029878],[121.664046,25.023177],[121.649904,25.023971],[121.646111,25.021763],[121.63093,25.024729],[121.628985,25.019999],[121.623181,25.017258],[121.609788,25.02021],[121.604118,25.01909],[121.602701,25.015147],[121.597518,25.014782],[121.595904,25.004508],[121.599708,25.002488],[121.600527,24.998512],[121.598131,24.994497],[121.601866,24.990447],[121.599873,24.986479],[121.600179,24.976941],[121.605107,24.974433],[121.611244,24.97461],[121.619185,24.970601],[121.619635,24.96716],[121.613658,24.966439],[121.608466,24.963193],[121.597069,24.960506],[121.593388,24.964213],[121.585724,24.963205],[121.574549,24.966846],[121.572779,24.964025],[121.561211,24.964712],[121.55847,24.968537],[121.553046,24.980754],[121.553905,24.984365],[121.544853,24.983781],[121.543859,24.988279],[121.536846,24.988729],[121.535013,24.995071],[121.53169,24.990508],[121.530506,24.998012],[121.533859,25.003604],[121.532143,25.008128],[121.525746,25.011876],[121.519294,25.019546],[121.509113,25.021344],[121.500266,25.011955],[121.492651,25.009528],[121.488755,25.015319],[121.488795,25.023349],[121.483634,25.035302],[121.488812,25.042571],[121.495649,25.042961],[121.50135,25.045954],[121.506219,25.053636],[121.505629,25.060769],[121.507037,25.069887],[121.502631,25.082966],[121.499759,25.087237],[121.489095,25.09686],[121.481069,25.100879],[121.466376,25.101658],[121.457323,25.107101],[121.460927,25.116199],[121.458785,25.122943],[121.464818,25.124258],[121.465602,25.131552],[121.482857,25.150223],[121.486447,25.150771],[121.492752,25.160761],[121.497429,25.16373],[121.501745,25.169294],[121.502563,25.173255],[121.510415,25.169438],[121.513013,25.170952],[121.520054,25.169402],[121.522554,25.174683],[121.521697,25.179002],[121.525676,25.182767],[121.533366,25.183579],[121.535804,25.186674],[121.542819,25.188955],[121.54323,25.193654],[121.546311,25.196972],[121.55259,25.198813],[121.551498,25.20211],[121.555001,25.208433],[121.562497,25.209554],[121.564892,25.200944],[121.571742,25.195388]]]}},{"type":"Feature","properties":{"name":"臺中市","code":"66000","name_en":"Taichung City"},"geometry":{"type":"Polygon","coordinates":[[[121.452005,24.364682],[121.447459,24.359843],[121.441568,24.358595],[121.435611,24.347248],[121.437734,24.342456],[121.434299,24.338272],[121.432488,24.329595],[121.434941,24.322564],[121.426091,24.313972],[121.423228,24.308217],[121.41688,24.309175],[121.411429,24.307265],[121.405387,24.308302],[121.402764,24.295947],[121.39351,24.288233],[121.389625,24.287257],[121.380467,24.279481],[121.383264,24.26798],[121.385676,24.264025],[121.385119,24.255125],[121.378418,24.252816],[121.373093,24.254096],[121.366738,24.25193],[121.360662,24.243944],[121.3526,24.243855],[121.352027,24.234072],[121.343014,24.223554],[121.339117,24.226704],[121.324437,24.233008],[121.319393,24.231949],[121.316447,24.23439],[121.303667,24.233761],[121.29889,24.23577],[121.293129,24.229164],[121.280192,24.229766],[121.276614,24.235581],[121.268913,24.237916],[121.265414,24.245668],[121.255067,24.243219],[121.25122,24.237992],[121.24416,24.222495],[121.237952,24.219707],[121.219708,24.229239],[121.215806,24.225347],[121.208088,24.221671],[121.196697,24.223144],[121.188506,24.214915],[121.180736,24.21228],[121.1677,24.225385],[121.161132,24.215353],[121.14813,24.213067],[121.143001,24.205281],[121.141362,24.19965],[121.136355,24.196338],[121.12255,24.196087],[121.105682,24.197214],[121.096327,24.192071],[121.091063,24.184816],[121.091345,24.18273],[121.084876,24.175923],[121.081228,24.17555],[121.072418,24.16987],[121.064295,24.162897],[121.059292,24.16268],[121.052588,24.154767],[121.047584,24.160024],[121.037779,24.157888],[121.035594,24.150763],[121.030888,24.149626],[121.029564,24.15767],[121.019886,24.158869],[121.015509,24.156008],[121.007106,24.144896],[121.003488,24.133885],[121.000504,24.132411],[120.998622,24.126913],[120.992195,24.125342],[120.989084,24.118767],[120.985221,24.120186],[120.97522,24.116955],[120.970954,24.120283],[120.961208,24.120153],[120.950107,24.127862],[120.93186,24.112214],[120.927144,24.111725],[120.91988,24.107442],[120.914552,24.107574],[120.907093,24.110725],[120.904885,24.114487],[120.894911,24.116523],[120.891043,24.115639],[120.894172,24.110745],[120.891534,24.098696],[120.886789,24.095838],[120.882004,24.088325],[120.878014,24.085029],[120.876858,24.091193],[120.881488,24.100506],[120.878871,24.107717],[120.872236,24.116931],[120.865515,24.115483],[120.85721,24.117301],[120.853867,24.124511],[120.844846,24.124528],[120.836272,24.116951],[120.834022,24.106615],[120.830314,24.102133],[120.832435,24.098264],[120.828523,24.094488],[120.828366,24.076882],[120.829296,24.07151],[120.816347,24.068464],[120.814454,24.069896],[120.806973,24.064224],[120.803269,24.056173],[120.803683,24.053541],[120.797027,24.043676],[120.797248,24.040942],[120.791691,24.035263],[120.792919,24.032482],[120.784781,24.027611],[120.784643,24.024079],[120.776122,24.019204],[120.771435,24.014418],[120.770559,24.009075],[120.757902,24.006066],[120.751032,24.002828],[120.746034,23.998563],[120.743646,24.002171],[120.731727,24.009005],[120.719237,24.009661],[120.706378,24.005193],[120.694878,24.00712],[120.678641,24.014033],[120.661229,24.025702],[120.655655,24.030675],[120.651902,24.028581],[120.646553,24.033943],[120.644432,24.032312],[120.644859,24.025931],[120.63883,24.027755],[120.63614,24.031053],[120.625153,24.03019],[120.62447,24.033779],[120.628107,24.038353],[120.626012,24.041623],[120.623579,24.053267],[120.625685,24.057028],[120.625341,24.068951],[120.619659,24.073046],[120.61516,24.084292],[120.612362,24.102582],[120.603085,24.10287],[120.599955,24.105187],[120.588946,24.106101],[120.583518,24.10955],[120.572607,24.108318],[120.558025,24.112545],[120.549683,24.113883],[120.545224,24.116625],[120.540345,24.123968],[120.532244,24.126922],[120.523281,24.140952],[120.525665,24.146042],[120.524514,24.152406],[120.517519,24.165326],[120.508104,24.187166],[120.504381,24.191146],[120.456553,24.207186],[120.460323,24.211647],[120.468815,24.214468],[120.472329,24.222331],[120.476322,24.224333],[120.480968,24.233355],[120.490484,24.255282],[120.488894,24.256305],[120.493141,24.266126],[120.498188,24.263931],[120.50812,24.283965],[120.510829,24.292227],[120.516807,24.298458],[120.518945,24.306434],[120.523744,24.315781],[120.532313,24.32051],[120.540759,24.335426],[120.545787,24.334875],[120.555843,24.347742],[120.559201,24.349799],[120.559269,24.354126],[120.562511,24.361327],[120.569004,24.36667],[120.57114,24.374238],[120.583627,24.389846],[120.586706,24.392322],[120.589871,24.399299],[120.598842,24.40785],[120.602613,24.415577],[120.607564,24.419528],[120.610262,24.425865],[120.614655,24.428743],[120.621854,24.440289],[120.628593,24.438039],[120.631809,24.432757],[120.639658,24.427769],[120.64318,24.421742],[120.642916,24.416875],[120.648737,24.409547],[120.656883,24.407163],[120.663622,24.402314],[120.670101,24.391959],[120.678642,24.387072],[120.677271,24.384159],[120.685678,24.378926],[120.689767,24.3745],[120.691959,24.368284],[120.703408,24.361801],[120.707457,24.361655],[120.70729,24.357868],[120.723146,24.354674],[120.730399,24.351811],[120.748611,24.336156],[120.758505,24.328652],[120.767455,24.325346],[120.77461,24.321111],[120.783821,24.318355],[120.79615,24.31637],[120.805508,24.315967],[120.817566,24.307422],[120.825309,24.296783],[120.833561,24.290475],[120.849898,24.288516],[120.857225,24.289111],[120.865725,24.292684],[120.874899,24.294896],[120.891577,24.294082],[120.90453,24.292229],[120.911727,24.293981],[120.922442,24.303596],[120.920578,24.308658],[120.920652,24.31814],[120.916695,24.332696],[120.917007,24.335724],[120.935639,24.342917],[120.942454,24.339137],[120.956781,24.339299],[120.960156,24.335056],[120.97236,24.333508],[120.98198,24.335905],[120.985409,24.331826],[120.991023,24.329764],[120.997258,24.330053],[121.000476,24.332662],[121.004713,24.331961],[121.01449,24.320114],[121.018014,24.311296],[121.029362,24.304707],[121.035287,24.297179],[121.045187,24.295325],[121.052095,24.299011],[121.055279,24.31031],[121.065622,24.315677],[121.069323,24.315524],[121.073904,24.319541],[121.073071,24.322823],[121.081574,24.324049],[121.086604,24.317601],[121.094347,24.319811],[121.095221,24.321977],[121.102251,24.324584],[121.108637,24.331001],[121.114868,24.328637],[121.121574,24.330679],[121.122055,24.33635],[121.125294,24.34199],[121.128115,24.341911],[121.13118,24.349277],[121.136438,24.353132],[121.140955,24.359643],[121.149259,24.357967],[121.159409,24.360797],[121.167976,24.360729],[121.169,24.364313],[121.174137,24.369025],[121.173302,24.373091],[121.183292,24.381011],[121.19023,24.381621],[121.196906,24.391993],[121.197181,24.396588],[121.207192,24.397905],[121.210623,24.395717],[121.211244,24.388392],[121.21587,24.379455],[121.218164,24.38117],[121.231349,24.383684],[121.234971,24.392015],[121.234656,24.397337],[121.243563,24.405718],[121.242005,24.413989],[121.243892,24.420076],[121.249992,24.424907],[121.257608,24.425047],[121.258881,24.427715],[121.258928,24.438036],[121.260815,24.428635],[121.269895,24.427376],[121.271336,24.42958],[121.276877,24.429248],[121.293185,24.431071],[121.297629,24.433093],[121.30545,24.432575],[121.313839,24.437381],[121.317659,24.441489],[121.320586,24.441055],[121.32806,24.433912],[121.328708,24.427279],[121.327435,24.413022],[121.32499,24.406913],[121.328008,24.398282],[121.332329,24.397944],[121.338475,24.390054],[121.342412,24.392642],[121.355316,24.393149],[121.364881,24.389075],[121.369726,24.382754],[121.367145,24.379211],[121.369287,24.372458],[121.373573,24.368166],[121.381128,24.366867],[121.387898,24.370009],[121.390359,24.375338],[121.401885,24.379602],[121.407772,24.37757],[121.412764,24.379743],[121.419625,24.379205],[121.429364,24.383061],[121.43778,24.382878],[121.442882,24.373154],[121.447971,24.374828],[121.452005,24.364682]]]}},{"type":"Feature","properties":{"name":"臺南市","code":"67000","name_en":"Tainan City"},"geometry":{"type":"Polygon","coordinates":[[[120.653445,23.22454],[120.65625,23.21764],[120.651416,23.208479],[120.648359,23.208579],[120.643312,23.203325],[120.638995,23.192737],[120.636561,23.19025],[120.641101,23.182961],[120.637299,23.180398],[120.636168,23.175107],[120.629848,23.174485],[120.631062,23.170423],[120.625226,23.167763],[120.622947,23.163938],[120.616631,23.163136],[120.611111,23.155901],[120.611847,23.151704],[120.60111,23.144168],[120.594786,23.13182],[120.588405,23.12243],[120.588165,23.114321],[120.574054,23.094647],[120.574792,23.09142],[120.569103,23.084359],[120.558661,23.075326],[120.554499,23.068833],[120.538013,23.060749],[120.537694,23.058855],[120.53022,23.055921],[120.523033,23.04957],[120.523677,23.047654],[120.508671,23.034827],[120.503719,23.028648],[120.482671,23.015581],[120.480061,23.002989],[120.470551,23.002382],[120.460854,23.003939],[120.461479,22.998123],[120.459099,22.995866],[120.459635,22.989907],[120.455291,22.99114],[120.453191,22.98481],[120.45301,22.977754],[120.445192,22.979485],[120.437293,22.962286],[120.432957,22.955954],[120.428558,22.940715],[120.42615,22.939351],[120.424887,22.933172],[120.416513,22.916373],[120.409742,22.913805],[120.405334,22.918162],[120.40044,22.919036],[120.39901,22.922281],[120.392169,22.922296],[120.386895,22.918286],[120.38189,22.9211],[120.376786,22.914881],[120.371162,22.912276],[120.373138,22.90933],[120.365717,22.904523],[120.365987,22.902238],[120.359468,22.901424],[120.361054,22.897923],[120.354524,22.89002],[120.332491,22.889269],[120.32704,22.898463],[120.324045,22.900231],[120.320936,22.895632],[120.31568,22.89913],[120.303411,22.900428],[120.284565,22.904725],[120.277987,22.90441],[120.279495,22.896298],[120.272732,22.895493],[120.260534,22.901759],[120.256935,22.898977],[120.25647,22.894018],[120.247608,22.898192],[120.242861,22.903515],[120.233203,22.905402],[120.231692,22.915401],[120.227498,22.916727],[120.220113,22.909605],[120.214384,22.91048],[120.208068,22.915243],[120.201786,22.915717],[120.192052,22.921198],[120.18657,22.91965],[120.176747,22.912342],[120.174745,22.911708],[120.172995,22.919289],[120.175172,22.932984],[120.172005,22.949698],[120.16852,22.957137],[120.162633,22.964995],[120.155357,22.964741],[120.159782,22.971226],[120.158673,22.974886],[120.147486,22.987786],[120.140341,22.993344],[120.138189,22.996834],[120.110192,23.018859],[120.087123,23.032652],[120.061883,23.044255],[120.057949,23.043101],[120.049827,23.05221],[120.038972,23.068048],[120.028548,23.066531],[120.026906,23.067928],[120.027891,23.075173],[120.031831,23.087754],[120.035251,23.102549],[120.043934,23.119197],[120.052108,23.125957],[120.054954,23.125505],[120.052974,23.131497],[120.055572,23.136238],[120.058294,23.154996],[120.063497,23.170947],[120.069592,23.182769],[120.069588,23.184967],[120.077501,23.200476],[120.080043,23.209015],[120.081857,23.222288],[120.080611,23.237573],[120.089344,23.249635],[120.09336,23.265381],[120.094961,23.280378],[120.094322,23.295005],[120.09631,23.29909],[120.106834,23.305282],[120.110801,23.310403],[120.113591,23.322203],[120.111011,23.331833],[120.118071,23.340165],[120.132282,23.329759],[120.136618,23.328125],[120.148629,23.319335],[120.148566,23.314446],[120.154297,23.313018],[120.155508,23.310484],[120.166198,23.308459],[120.170942,23.304582],[120.175658,23.294428],[120.178673,23.291729],[120.18904,23.290219],[120.185797,23.296975],[120.188403,23.301236],[120.191684,23.300273],[120.204269,23.291902],[120.212335,23.291695],[120.220868,23.296003],[120.225889,23.303229],[120.231306,23.316332],[120.238082,23.327075],[120.246551,23.327048],[120.255141,23.330619],[120.267073,23.340688],[120.26752,23.344733],[120.260705,23.344474],[120.26564,23.352241],[120.273886,23.352451],[120.276289,23.348212],[120.286129,23.35021],[120.283828,23.358664],[120.285682,23.366935],[120.29295,23.375381],[120.31094,23.37544],[120.310999,23.38557],[120.317838,23.388436],[120.321688,23.383593],[120.328681,23.38612],[120.333179,23.385808],[120.34293,23.396697],[120.349518,23.401325],[120.359615,23.402644],[120.381035,23.403438],[120.404702,23.410284],[120.408104,23.413429],[120.410487,23.410171],[120.413996,23.411157],[120.418129,23.408139],[120.420056,23.403467],[120.42207,23.407099],[120.430506,23.406596],[120.43211,23.410697],[120.438357,23.413389],[120.460966,23.404658],[120.462184,23.402156],[120.473243,23.398171],[120.475255,23.391369],[120.479415,23.387591],[120.490932,23.395562],[120.49375,23.39496],[120.499217,23.387858],[120.497903,23.385464],[120.484398,23.379483],[120.483931,23.369569],[120.48824,23.373003],[120.494401,23.369475],[120.501396,23.367749],[120.504832,23.368903],[120.510535,23.364361],[120.512357,23.355676],[120.50803,23.352759],[120.505692,23.355392],[120.503596,23.351027],[120.505087,23.344816],[120.507706,23.343042],[120.515505,23.343752],[120.53372,23.336473],[120.539994,23.327871],[120.531949,23.32115],[120.531486,23.317908],[120.522606,23.311887],[120.526008,23.292229],[120.521846,23.287947],[120.522219,23.273966],[120.520425,23.271778],[120.52609,23.266491],[120.529249,23.258013],[120.532285,23.255146],[120.529969,23.247951],[120.524305,23.24212],[120.519036,23.239258],[120.526819,23.230935],[120.541507,23.227831],[120.548716,23.223812],[120.554875,23.217577],[120.561372,23.217416],[120.565288,23.220982],[120.574706,23.217767],[120.578178,23.214848],[120.579681,23.218992],[120.586547,23.224095],[120.59235,23.239743],[120.596426,23.235037],[120.59743,23.228885],[120.606039,23.225894],[120.609714,23.222732],[120.616762,23.223547],[120.618595,23.225749],[120.628212,23.22944],[120.638906,23.227951],[120.644174,23.225319],[120.646908,23.227135],[120.653445,23.22454]]]}},{"type":"Feature","properties":{"name":"桃園市","code":"68000","name_en":"Taoyuan City"},"geometry":{"type":"Polygon","coordinates":[[[121.28338,25.117811],[121.28268,25.110065],[121.29032,25.106757],[121.291613,25.102641],[121.298298,25.104495],[121.302842,25.096766],[121.310509,25.096548],[121.318231,25.093011],[121.324712,25.092621],[121.338663,25.083634],[121.346692,25.083535],[121.350196,25.081169],[121.343708,25.075074],[121.349569,25.0713],[121.346442,25.070302],[121.35488,25.06515],[121.376674,25.066094],[121.3829,25.062936],[121.39107,25.061518],[121.385762,25.058151],[121.38619,25.052591],[121.392937,25.05398],[121.399747,25.049365],[121.399854,25.044962],[121.392644,25.043392],[121.39437,25.040091],[121.400742,25.037948],[121.398255,25.030174],[121.412118,25.018847],[121.401851,25.015855],[121.392955,25.015583],[121.391284,25.012252],[121.39951,25.006973],[121.403229,24.99933],[121.396835,24.997304],[121.394268,24.993511],[121.388028,24.996398],[121.384251,24.995743],[121.383403,24.988609],[121.385473,24.986685],[121.368778,24.976812],[121.363711,24.979591],[121.353965,24.977844],[121.352341,24.980851],[121.347339,24.978837],[121.342674,24.98232],[121.340246,24.980095],[121.327142,24.97767],[121.323671,24.972822],[121.327854,24.972814],[121.329146,24.960578],[121.32802,24.949037],[121.33158,24.945835],[121.325,24.943623],[121.315774,24.938475],[121.323212,24.931281],[121.32205,24.928043],[121.333242,24.929831],[121.339795,24.928502],[121.335511,24.925074],[121.324599,24.923344],[121.317578,24.916362],[121.326198,24.909183],[121.320355,24.900284],[121.327826,24.895921],[121.333571,24.899172],[121.333314,24.891793],[121.342118,24.892593],[121.341366,24.887462],[121.344725,24.885766],[121.345627,24.880057],[121.353518,24.876466],[121.354394,24.873237],[121.345911,24.868159],[121.347334,24.862074],[121.35365,24.858413],[121.357873,24.85315],[121.354786,24.853354],[121.352461,24.849073],[121.346733,24.85021],[121.336963,24.848214],[121.335988,24.843929],[121.339572,24.843397],[121.346737,24.845889],[121.35486,24.843953],[121.357783,24.839521],[121.372814,24.834982],[121.377887,24.834485],[121.384541,24.838021],[121.385033,24.84081],[121.393657,24.843979],[121.397981,24.84178],[121.402696,24.843575],[121.415637,24.835499],[121.413842,24.831962],[121.417583,24.825252],[121.423525,24.825476],[121.425334,24.820038],[121.429979,24.81492],[121.436428,24.812198],[121.438259,24.79534],[121.4457,24.790134],[121.449471,24.791061],[121.449517,24.785937],[121.445957,24.781723],[121.440567,24.779141],[121.435748,24.772963],[121.431424,24.771939],[121.42542,24.766965],[121.423417,24.763095],[121.428479,24.753456],[121.42874,24.747897],[121.435353,24.732901],[121.434269,24.730024],[121.440954,24.726084],[121.445141,24.714785],[121.448784,24.712191],[121.450348,24.705578],[121.463638,24.701032],[121.469815,24.696197],[121.474228,24.696104],[121.473033,24.68968],[121.475994,24.679193],[121.479988,24.673851],[121.469698,24.671947],[121.45949,24.673159],[121.453899,24.664406],[121.449586,24.662223],[121.447924,24.655107],[121.451371,24.651057],[121.44498,24.642949],[121.445013,24.637297],[121.44054,24.635097],[121.434831,24.624457],[121.435678,24.621551],[121.430609,24.61451],[121.427804,24.606087],[121.424563,24.603115],[121.41787,24.601064],[121.412569,24.603451],[121.403039,24.591708],[121.391325,24.586459],[121.387559,24.586497],[121.372776,24.593748],[121.371964,24.596846],[121.363324,24.603129],[121.364314,24.605862],[121.361218,24.610085],[121.35885,24.617375],[121.363268,24.623005],[121.366411,24.631792],[121.358092,24.633535],[121.355644,24.64138],[121.352388,24.643542],[121.353492,24.655655],[121.353511,24.667799],[121.344848,24.666736],[121.344028,24.669307],[121.339092,24.666743],[121.338984,24.679073],[121.329392,24.691327],[121.318172,24.697991],[121.313197,24.697663],[121.303896,24.692918],[121.299478,24.695568],[121.303272,24.70839],[121.306399,24.713084],[121.307609,24.719906],[121.305279,24.726098],[121.298662,24.730712],[121.300844,24.741396],[121.305278,24.746283],[121.307708,24.754984],[121.303805,24.757911],[121.301536,24.76301],[121.293865,24.764044],[121.292636,24.767515],[121.284289,24.770367],[121.277415,24.770925],[121.271161,24.777875],[121.265055,24.78123],[121.260068,24.781912],[121.258486,24.785084],[121.261202,24.790323],[121.25974,24.793685],[121.252132,24.793957],[121.247834,24.79662],[121.247434,24.803494],[121.243434,24.808692],[121.238237,24.804655],[121.228047,24.802755],[121.221508,24.799514],[121.217032,24.812417],[121.209581,24.809515],[121.207639,24.80699],[121.202837,24.809882],[121.205652,24.813048],[121.200837,24.817835],[121.198914,24.814923],[121.19651,24.817814],[121.183119,24.825054],[121.173746,24.827654],[121.176296,24.831996],[121.159508,24.83858],[121.154488,24.843982],[121.150032,24.84429],[121.155472,24.849865],[121.156762,24.856142],[121.16136,24.859596],[121.158784,24.870472],[121.156238,24.874476],[121.155662,24.880711],[121.144549,24.88025],[121.138846,24.882365],[121.135612,24.878003],[121.128143,24.880955],[121.123968,24.879935],[121.113488,24.88256],[121.108722,24.885954],[121.110975,24.890991],[121.109072,24.897738],[121.091272,24.893363],[121.083442,24.898854],[121.071099,24.89948],[121.070539,24.901856],[121.057581,24.905834],[121.058231,24.913904],[121.060745,24.924522],[121.057566,24.930567],[121.058329,24.936843],[121.055441,24.936243],[121.048086,24.939929],[121.046285,24.94355],[121.040814,24.943299],[121.037934,24.946383],[121.030928,24.943931],[121.02878,24.945099],[121.025935,24.940568],[121.019362,24.940419],[121.007062,24.946217],[121.003128,24.94026],[120.994192,24.93914],[120.992735,24.935083],[120.987377,24.939049],[120.982025,24.939976],[120.986457,24.948276],[120.993616,24.95549],[120.998419,24.958576],[121.003492,24.967612],[121.009892,24.975049],[121.011201,24.984107],[121.009587,24.990363],[121.016211,24.995359],[121.020044,25.008203],[121.028623,25.020585],[121.038529,25.030887],[121.043773,25.034654],[121.051957,25.043525],[121.058946,25.047452],[121.072092,25.049874],[121.086642,25.056444],[121.090008,25.062994],[121.09394,25.062847],[121.100224,25.067627],[121.125006,25.076806],[121.145867,25.081095],[121.157177,25.084391],[121.170079,25.090241],[121.174728,25.093686],[121.184302,25.095852],[121.193018,25.101785],[121.197243,25.102337],[121.212074,25.109959],[121.229392,25.115196],[121.23961,25.115655],[121.23965,25.123064],[121.243945,25.118558],[121.257614,25.122084],[121.259772,25.123616],[121.26901,25.119919],[121.28338,25.117811]]]}},{"type":"Feature","properties":{"name":"苗栗縣","code":"10005","name_en":"Miaoli County"},"geometry":{"type":"Polygon","coordinates":[[[121.258928,24.438036],[121.258881,24.427715],[121.257608,24.425047],[121.249992,24.424907],[121.243892,24.420076],[121.242005,24.413989],[121.243563,24.405718],[121.234656,24.397337],[121.234971,24.392015],[121.231349,24.383684],[121.218164,24.38117],[121.21587,24.379455],[121.211244,24.388392],[121.210623,24.395717],[121.207192,24.397905],[121.197181,24.396588],[121.196906,24.391993],[121.19023,24.381621],[121.183292,24.381011],[121.173302,24.373091],[121.174137,24.369025],[121.169,24.364313],[121.167976,24.360729],[121.159409,24.360797],[121.149259,24.357967],[121.140955,24.359643],[121.136438,24.353132],[121.13118,24.349277],[121.128115,24.341911],[121.125294,24.34199],[121.122055,24.33635],[121.121574,24.330679],[121.114868,24.328637],[121.108637,24.331001],[121.102251,24.324584],[121.095221,24.321977],[121.094347,24.319811],[121.086604,24.317601],[121.081574,24.324049],[121.073071,24.322823],[121.073904,24.319541],[121.069323,24.315524],[121.065622,24.315677],[121.055279,24.31031],[121.052095,24.299011],[121.045187,24.295325],[121.035287,24.297179],[121.029362,24.304707],[121.018014,24.311296],[121.01449,24.320114],[121.004713,24.331961],[121.000476,24.332662],[120.997258,24.330053],[120.991023,24.329764],[120.985409,24.331826],[120.98198,24.335905],[120.97236,24.333508],[120.960156,24.335056],[120.956781,24.339299],[120.942454,24.339137],[120.935639,24.342917],[120.917007,24.335724],[120.916695,24.332696],[120.920652,24.31814],[120.920578,24.308658],[120.922442,24.303596],[120.911727,24.293981],[120.90453,24.292229],[120.891577,24.294082],[120.874899,24.294896],[120.865725,24.292684],[120.857225,24.289111],[120.849898,24.288516],[120.833561,24.290475],[120.825309,24.296783],[120.817566,24.307422],[120.805508,24.315967],[120.79615,24.31637],[120.783821,24.318355],[120.77461,24.321111],[120.767455,24.325346],[120.758505,24.328652],[120.748611,24.336156],[120.730399,24.351811],[120.723146,24.354674],[120.70729,24.357868],[120.707457,24.361655],[120.703408,24.361801],[120.691959,24.368284],[120.689767,24.3745],[120.685678,24.378926],[120.677271,24.384159],[120.678642,24.387072],[120.670101,24.391959],[120.663622,24.402314],[120.656883,24.407163],[120.648737,24.409547],[120.642916,24.416875],[120.64318,24.421742],[120.639658,24.427769],[120.631809,24.432757],[120.628593,24.438039],[120.621854,24.440289],[120.631352,24.447635],[120.639616,24.456669],[120.639605,24.460012],[120.652653,24.47074],[120.658487,24.477304],[120.661823,24.483783],[120.665381,24.48361],[120.665293,24.489768],[120.667757,24.493402],[120.668432,24.499818],[120.671273,24.50211],[120.677628,24.514527],[120.684675,24.52139],[120.688082,24.530475],[120.688681,24.536672],[120.691047,24.539047],[120.693361,24.54887],[120.69584,24.551175],[120.698233,24.55848],[120.70118,24.561537],[120.703911,24.575164],[120.708078,24.582455],[120.709758,24.591021],[120.71346,24.594883],[120.715806,24.600973],[120.723768,24.608225],[120.729958,24.610846],[120.738192,24.620862],[120.745828,24.621736],[120.748922,24.625956],[120.755946,24.631475],[120.757688,24.641523],[120.760847,24.643124],[120.763579,24.649072],[120.766469,24.649738],[120.776435,24.660893],[120.788588,24.667002],[120.802799,24.669094],[120.809376,24.671232],[120.823053,24.672678],[120.832583,24.682409],[120.840393,24.687859],[120.846133,24.694508],[120.856165,24.702507],[120.861326,24.721651],[120.864789,24.727225],[120.874529,24.738323],[120.881029,24.733291],[120.887569,24.733833],[120.89095,24.731775],[120.897228,24.733367],[120.905863,24.740682],[120.908529,24.740591],[120.909023,24.735755],[120.912062,24.732313],[120.913748,24.724321],[120.916273,24.721534],[120.913712,24.717525],[120.922613,24.714808],[120.930748,24.71506],[120.935421,24.712597],[120.941918,24.707354],[120.94979,24.711199],[120.95478,24.704351],[120.962285,24.710883],[120.966372,24.709697],[120.973872,24.711823],[120.976662,24.706508],[120.972378,24.704082],[120.974051,24.699388],[120.965163,24.688109],[120.964398,24.683618],[120.973591,24.68581],[120.976421,24.683142],[120.976517,24.675424],[120.98319,24.669813],[120.990631,24.660394],[120.994674,24.659542],[120.997108,24.654666],[121.010304,24.656157],[121.008085,24.650379],[121.008202,24.644325],[121.014381,24.640852],[121.025332,24.641257],[121.02573,24.636179],[121.029373,24.632872],[121.043229,24.62723],[121.049365,24.61862],[121.053195,24.615405],[121.061518,24.621769],[121.06808,24.614866],[121.074922,24.612304],[121.07618,24.603178],[121.081272,24.600571],[121.083098,24.590081],[121.079367,24.587781],[121.075457,24.581032],[121.070585,24.563358],[121.062811,24.557489],[121.05842,24.560635],[121.0582,24.557911],[121.073461,24.549421],[121.076048,24.544036],[121.080238,24.541444],[121.077798,24.534237],[121.078298,24.528903],[121.067022,24.522983],[121.069313,24.509332],[121.068201,24.506841],[121.072063,24.503441],[121.071883,24.498381],[121.085551,24.501308],[121.090417,24.497858],[121.098514,24.496619],[121.109173,24.501188],[121.113331,24.506465],[121.123696,24.510075],[121.129653,24.506695],[121.136991,24.506655],[121.145021,24.51192],[121.150582,24.506092],[121.15449,24.506823],[121.161911,24.503494],[121.169341,24.50262],[121.177913,24.507652],[121.182865,24.507992],[121.186705,24.505361],[121.195282,24.507045],[121.200518,24.511459],[121.209938,24.511627],[121.213972,24.514781],[121.217576,24.514036],[121.217467,24.509651],[121.222137,24.507507],[121.218667,24.498263],[121.228618,24.492494],[121.230547,24.488551],[121.234642,24.487742],[121.234634,24.483837],[121.242288,24.478477],[121.244391,24.470058],[121.249051,24.466012],[121.258086,24.463242],[121.258132,24.457313],[121.262621,24.455131],[121.260678,24.450065],[121.261596,24.444035],[121.258928,24.438036]]]}},{"type":"Feature","properties":{"name":"嘉義市","code":"10020","name_en":"Chiayi City"},"geometry":{"type":"Polygon","coordinates":[[[120.448037,23.51819],[120.456316,23.516013],[120.456303,23.511771],[120.463849,23.499405],[120.470121,23.500215],[120.473497,23.506849],[120.481303,23.504387],[120.484688,23.501365],[120.483911,23.495734],[120.489419,23.491368],[120.500159,23.490678],[120.503373,23.485434],[120.501886,23.480898],[120.509234,23.474843],[120.503748,23.467177],[120.499617,23.465144],[120.500457,23.46055],[120.494909,23.452784],[120.489401,23.452353],[120.47699,23.461923],[120.468651,23.4616],[120.464472,23.455581],[120.458987,23.454201],[120.452864,23.444868],[120.43957,23.439558],[120.435956,23.444196],[120.438266,23.444857],[120.434459,23.45069],[120.430195,23.452179],[120.429293,23.461043],[120.415155,23.460277],[120.411274,23.464787],[120.394167,23.462521],[120.394215,23.466199],[120.399273,23.471071],[120.399064,23.47842],[120.393378,23.482508],[120.394716,23.490749],[120.389779,23.491353],[120.389333,23.498595],[120.394976,23.50072],[120.400199,23.498758],[120.401004,23.501873],[120.408801,23.506574],[120.408453,23.49844],[120.411984,23.499017],[120.416619,23.505279],[120.424988,23.506443],[120.427863,23.509245],[120.433179,23.508919],[120.433766,23.517225],[120.440498,23.51194],[120.440615,23.518296],[120.448037,23.51819]]]}},{"type":"Feature","properties":{"name":"嘉義縣","code":"10010","name_en":"Chiayi County"},"geometry":{"type":"MultiPolygon","coordinates":[[[[120.152504,23.391647],[120.15019,23.389178],[120.147705,23.398537],[120.1498,23.398535],[120.152504,23.391647]]],[[[120.13551,23.422263],[120.135465,23.423762],[120.136964,23.421472],[120.13551,23.422263]]],[[[120.137637,23.43472],[120.1355,23.436385],[120.13537,23.436919],[120.137637,23.43472]]],[[[120.142742,23.475193],[120.142601,23.475403],[120.142837,23.475395],[120.142742,23.475193]]],[[[120.141894,23.475931],[120.141198,23.476408],[120.141454,23.476516],[120.141894,23.475931]]],[[[120.140379,23.476973],[120.139863,23.477076],[120.140457,23.477217],[120.140379,23.476973]]],[[[120.148068,23.478171],[120.148359,23.478321],[120.147965,23.477696],[120.148068,23.478171]]],[[[120.148373,23.478804],[120.148422,23.47908],[120.148997,23.478887],[120.148373,23.478804]]],[[[120.730863,23.610808],[120.735857,23.609548],[120.741751,23.612433],[120.747479,23.611165],[120.752935,23.614849],[120.75808,23.612489],[120.764281,23.612239],[120.779569,23.601607],[120.790871,23.600945],[120.794916,23.597249],[120.803728,23.596824],[120.813903,23.600952],[120.818611,23.598243],[120.81687,23.595603],[120.819885,23.590439],[120.825388,23.586539],[120.821316,23.581254],[120.819573,23.57487],[120.821897,23.570912],[120.820676,23.562622],[120.814005,23.556001],[120.815902,23.553668],[120.811493,23.551056],[120.808832,23.545862],[120.80861,23.536187],[120.81095,23.5345],[120.818135,23.523462],[120.819871,23.514534],[120.823177,23.510943],[120.824062,23.504131],[120.82282,23.498919],[120.825444,23.494823],[120.827075,23.483383],[120.832642,23.474733],[120.838972,23.47122],[120.84255,23.47327],[120.848742,23.472156],[120.863583,23.473474],[120.873095,23.468528],[120.880797,23.467642],[120.887142,23.475605],[120.917483,23.475693],[120.930785,23.470703],[120.937954,23.472926],[120.947519,23.467123],[120.957515,23.469503],[120.950283,23.464799],[120.940281,23.463122],[120.936639,23.463782],[120.935106,23.458905],[120.928304,23.456784],[120.921556,23.459038],[120.912699,23.458481],[120.90567,23.453177],[120.902369,23.454142],[120.896783,23.450901],[120.895145,23.445923],[120.891767,23.44661],[120.887094,23.435204],[120.875362,23.432769],[120.869316,23.426259],[120.864326,23.42389],[120.858554,23.424895],[120.849171,23.419487],[120.849507,23.412864],[120.844754,23.40823],[120.843939,23.403926],[120.838445,23.396993],[120.83436,23.386596],[120.830971,23.386603],[120.828528,23.374956],[120.825247,23.371624],[120.815856,23.371366],[120.808518,23.368393],[120.804941,23.370959],[120.804694,23.367213],[120.796241,23.35686],[120.791654,23.356596],[120.788451,23.352823],[120.787581,23.346143],[120.783214,23.342206],[120.768455,23.34388],[120.764889,23.341695],[120.758069,23.344267],[120.758434,23.335486],[120.752836,23.331362],[120.753251,23.328193],[120.747856,23.321911],[120.742248,23.321468],[120.740072,23.317779],[120.732307,23.313861],[120.730629,23.305614],[120.72064,23.308342],[120.712166,23.308699],[120.704377,23.301977],[120.702834,23.297566],[120.703534,23.289462],[120.699543,23.284426],[120.693511,23.284542],[120.678392,23.288867],[120.67141,23.289971],[120.667314,23.294027],[120.657409,23.295246],[120.652003,23.291173],[120.646793,23.297503],[120.643743,23.296099],[120.641856,23.287477],[120.644071,23.281956],[120.643152,23.275982],[120.638517,23.268824],[120.64069,23.266517],[120.642082,23.256811],[120.649169,23.24708],[120.649185,23.240493],[120.651311,23.235821],[120.649484,23.228641],[120.653445,23.22454],[120.646908,23.227135],[120.644174,23.225319],[120.638906,23.227951],[120.628212,23.22944],[120.618595,23.225749],[120.616762,23.223547],[120.609714,23.222732],[120.606039,23.225894],[120.59743,23.228885],[120.596426,23.235037],[120.59235,23.239743],[120.586547,23.224095],[120.579681,23.218992],[120.578178,23.214848],[120.574706,23.217767],[120.565288,23.220982],[120.561372,23.217416],[120.554875,23.217577],[120.548716,23.223812],[120.541507,23.227831],[120.526819,23.230935],[120.519036,23.239258],[120.524305,23.24212],[120.529969,23.247951],[120.532285,23.255146],[120.529249,23.258013],[120.52609,23.266491],[120.520425,23.271778],[120.522219,23.273966],[120.521846,23.287947],[120.526008,23.292229],[120.522606,23.311887],[120.531486,23.317908],[120.531949,23.32115],[120.539994,23.327871],[120.53372,23.336473],[120.515505,23.343752],[120.507706,23.343042],[120.505087,23.344816],[120.503596,23.351027],[120.505692,23.355392],[120.50803,23.352759],[120.512357,23.355676],[120.510535,23.364361],[120.504832,23.368903],[120.501396,23.367749],[120.494401,23.369475],[120.48824,23.373003],[120.483931,23.369569],[120.484398,23.379483],[120.497903,23.385464],[120.499217,23.387858],[120.49375,23.39496],[120.490932,23.395562],[120.479415,23.387591],[120.475255,23.391369],[120.473243,23.398171],[120.462184,23.402156],[120.460966,23.404658],[120.438357,23.413389],[120.43211,23.410697],[120.430506,23.406596],[120.42207,23.407099],[120.420056,23.403467],[120.418129,23.408139],[120.413996,23.411157],[120.410487,23.410171],[120.408104,23.413429],[120.404702,23.410284],[120.381035,23.403438],[120.359615,23.402644],[120.349518,23.401325],[120.34293,23.396697],[120.333179,23.385808],[120.328681,23.38612],[120.321688,23.383593],[120.317838,23.388436],[120.310999,23.38557],[120.31094,23.37544],[120.29295,23.375381],[120.285682,23.366935],[120.283828,23.358664],[120.286129,23.35021],[120.276289,23.348212],[120.273886,23.352451],[120.26564,23.352241],[120.260705,23.344474],[120.26752,23.344733],[120.267073,23.340688],[120.255141,23.330619],[120.246551,23.327048],[120.238082,23.327075],[120.231306,23.316332],[120.225889,23.303229],[120.220868,23.296003],[120.212335,23.291695],[120.204269,23.291902],[120.191684,23.300273],[120.188403,23.301236],[120.185797,23.296975],[120.18904,23.290219],[120.178673,23.291729],[120.175658,23.294428],[120.170942,23.304582],[120.166198,23.308459],[120.155508,23.310484],[120.154297,23.313018],[120.148566,23.314446],[120.148629,23.319335],[120.136618,23.328125],[120.132282,23.329759],[120.118071,23.340165],[120.119732,23.347835],[120.128023,23.36357],[120.131927,23.376258],[120.131653,23.384782],[120.14824,23.385584],[120.152049,23.388602],[120.157337,23.384952],[120.1637,23.393413],[120.161768,23.394374],[120.15997,23.406127],[120.154136,23.404265],[120.151354,23.398595],[120.148235,23.415114],[120.151259,23.418288],[120.149502,23.422816],[120.155582,23.427156],[120.151251,23.426149],[120.145505,23.428598],[120.145782,23.433279],[120.149786,23.441854],[120.154629,23.447754],[120.150959,23.44898],[120.151139,23.455681],[120.139074,23.44971],[120.138761,23.452665],[120.133245,23.451585],[120.138989,23.458003],[120.14457,23.459713],[120.146943,23.465182],[120.144085,23.47011],[120.149009,23.47476],[120.149929,23.478589],[120.155785,23.484073],[120.155222,23.491081],[120.167616,23.490728],[120.169675,23.492191],[120.158703,23.493585],[120.157849,23.495041],[120.133558,23.488156],[120.124663,23.48873],[120.119422,23.495488],[120.118917,23.515059],[120.12152,23.519498],[120.127215,23.520207],[120.142448,23.517436],[120.145839,23.520825],[120.158129,23.515925],[120.16658,23.517234],[120.180971,23.509852],[120.189921,23.510046],[120.19508,23.512645],[120.205005,23.511809],[120.22304,23.50432],[120.239097,23.507692],[120.246645,23.513833],[120.247063,23.516206],[120.242587,23.542639],[120.248898,23.54576],[120.256091,23.546095],[120.263444,23.533529],[120.268906,23.530201],[120.271906,23.530751],[120.276354,23.543472],[120.29088,23.550764],[120.289249,23.56118],[120.297649,23.564535],[120.306544,23.562872],[120.310585,23.564536],[120.306731,23.571524],[120.307563,23.574694],[120.311878,23.574962],[120.3204,23.572391],[120.326995,23.574172],[120.333114,23.579204],[120.333652,23.591788],[120.343313,23.591919],[120.355315,23.593664],[120.359873,23.595696],[120.365877,23.603003],[120.366504,23.607808],[120.379776,23.609928],[120.386619,23.621015],[120.402638,23.626939],[120.40088,23.632156],[120.406407,23.632547],[120.406595,23.625286],[120.415789,23.621382],[120.420064,23.625202],[120.422021,23.619269],[120.429925,23.618358],[120.435989,23.626073],[120.441123,23.625976],[120.44421,23.630382],[120.454176,23.629922],[120.453993,23.626302],[120.460697,23.629403],[120.473987,23.63107],[120.478727,23.632778],[120.485851,23.630633],[120.48905,23.635891],[120.492859,23.633231],[120.50355,23.635281],[120.507641,23.630237],[120.506395,23.626096],[120.510244,23.619352],[120.5176,23.611078],[120.527723,23.60321],[120.529511,23.599861],[120.536933,23.594729],[120.556571,23.592851],[120.55781,23.589213],[120.565688,23.589429],[120.570917,23.58795],[120.580296,23.582274],[120.585915,23.5826],[120.588835,23.5855],[120.599757,23.583321],[120.606512,23.584213],[120.609802,23.582611],[120.615462,23.585321],[120.618996,23.58417],[120.625217,23.59066],[120.630621,23.589945],[120.645619,23.593535],[120.649067,23.592547],[120.647155,23.58787],[120.649034,23.582744],[120.64348,23.578214],[120.65082,23.572425],[120.658053,23.57288],[120.660683,23.576296],[120.67077,23.578478],[120.676239,23.570713],[120.685624,23.574563],[120.694019,23.576503],[120.704316,23.57501],[120.709109,23.575596],[120.709498,23.572077],[120.717943,23.569044],[120.724293,23.571875],[120.728179,23.570306],[120.736157,23.570459],[120.73216,23.57713],[120.73389,23.584722],[120.729935,23.593435],[120.732723,23.597033],[120.724605,23.603656],[120.730863,23.610808]],[[120.448037,23.51819],[120.456316,23.516013],[120.456303,23.511771],[120.463849,23.499405],[120.470121,23.500215],[120.473497,23.506849],[120.481303,23.504387],[120.484688,23.501365],[120.483911,23.495734],[120.489419,23.491368],[120.500159,23.490678],[120.503373,23.485434],[120.501886,23.480898],[120.509234,23.474843],[120.503748,23.467177],[120.499617,23.465144],[120.500457,23.46055],[120.494909,23.452784],[120.489401,23.452353],[120.47699,23.461923],[120.468651,23.4616],[120.464472,23.455581],[120.458987,23.454201],[120.452864,23.444868],[120.43957,23.439558],[120.435956,23.444196],[120.438266,23.444857],[120.434459,23.45069],[120.430195,23.452179],[120.429293,23.461043],[120.415155,23.460277],[120.411274,23.464787],[120.394167,23.462521],[120.394215,23.466199],[120.399273,23.471071],[120.399064,23.47842],[120.393378,23.482508],[120.394716,23.490749],[120.389779,23.491353],[120.389333,23.498595],[120.394976,23.50072],[120.400199,23.498758],[120.401004,23.501873],[120.408801,23.506574],[120.408453,23.49844],[120.411984,23.499017],[120.416619,23.505279],[120.424988,23.506443],[120.427863,23.509245],[120.433179,23.508919],[120.433766,23.517225],[120.440498,23.51194],[120.440615,23.518296],[120.448037,23.51819]]]]}},{"type":"Feature","properties":{"name":"金門縣","code":"09020","name_en":"Kinmen County"},"geometry":{"type":"MultiPolygon","coordinates":[[[[118.235055,24.162577],[118.232425,24.16077],[118.232881,24.163186],[118.235055,24.162577]]],[[[118.138292,24.375086],[118.138933,24.374792],[118.138282,24.374452],[118.138292,24.375086]]],[[[118.142797,24.37804],[118.141826,24.377552],[118.141591,24.378525],[118.142797,24.37804]]],[[[118.144521,24.377049],[118.143675,24.378498],[118.14556,24.378929],[118.144521,24.377049]]],[[[118.159699,24.378107],[118.154979,24.378318],[118.151359,24.382331],[118.153453,24.383751],[118.163256,24.381319],[118.159699,24.378107]]],[[[118.33958,24.389638],[118.338865,24.389428],[118.339193,24.390408],[118.33958,24.389638]]],[[[118.163245,24.394802],[118.165208,24.390111],[118.170985,24.38962],[118.173305,24.387196],[118.168983,24.384212],[118.161818,24.387332],[118.159411,24.392463],[118.163245,24.394802]]],[[[118.193756,24.395339],[118.191495,24.397364],[118.194273,24.398016],[118.193756,24.395339]]],[[[118.23133,24.402921],[118.229234,24.402754],[118.228621,24.404539],[118.23133,24.402921]]],[[[118.437993,24.407112],[118.438046,24.407295],[118.438246,24.407207],[118.437993,24.407112]]],[[[118.438272,24.407393],[118.438156,24.407893],[118.438565,24.407546],[118.438272,24.407393]]],[[[118.439401,24.408344],[118.439111,24.408064],[118.438968,24.408266],[118.439401,24.408344]]],[[[118.438891,24.4083],[118.438604,24.408333],[118.438661,24.408601],[118.438891,24.4083]]],[[[118.438929,24.408644],[118.438795,24.408681],[118.438898,24.408744],[118.438929,24.408644]]],[[[118.437916,24.408642],[118.437972,24.408822],[118.438169,24.408678],[118.437916,24.408642]]],[[[118.345378,24.408382],[118.346351,24.408727],[118.346165,24.408116],[118.345378,24.408382]]],[[[118.437447,24.408854],[118.437538,24.409095],[118.437683,24.409027],[118.437447,24.408854]]],[[[118.346322,24.409025],[118.346586,24.409131],[118.346535,24.408829],[118.346322,24.409025]]],[[[118.439264,24.409501],[118.439012,24.409558],[118.439059,24.409734],[118.439264,24.409501]]],[[[118.439812,24.409112],[118.439286,24.409608],[118.439882,24.40959],[118.439812,24.409112]]],[[[118.44026,24.41046],[118.439975,24.410621],[118.440206,24.41064],[118.44026,24.41046]]],[[[118.446889,24.412293],[118.447172,24.412456],[118.447197,24.412216],[118.446889,24.412293]]],[[[118.447169,24.413053],[118.446958,24.412953],[118.446886,24.413203],[118.447169,24.413053]]],[[[118.447696,24.413497],[118.447687,24.413699],[118.44808,24.413641],[118.447696,24.413497]]],[[[118.459302,24.412796],[118.456184,24.412787],[118.456753,24.414588],[118.459302,24.412796]]],[[[118.457397,24.415713],[118.458459,24.415954],[118.457879,24.415383],[118.457397,24.415713]]],[[[118.458875,24.415611],[118.459362,24.416927],[118.460573,24.416755],[118.458875,24.415611]]],[[[118.503872,24.426292],[118.503742,24.428246],[118.505547,24.42817],[118.503872,24.426292]]],[[[118.198379,24.436391],[118.19791,24.437139],[118.199635,24.437247],[118.198379,24.436391]]],[[[118.211617,24.451369],[118.210994,24.451648],[118.212662,24.452069],[118.211617,24.451369]]],[[[118.210488,24.453102],[118.208984,24.452724],[118.20997,24.454443],[118.210488,24.453102]]],[[[118.225914,24.455772],[118.227462,24.455927],[118.22748,24.4555],[118.225914,24.455772]]],[[[118.255281,24.455186],[118.260042,24.452753],[118.265778,24.446781],[118.269161,24.445985],[118.265071,24.425368],[118.263073,24.422535],[118.256063,24.425327],[118.252091,24.423495],[118.250039,24.418258],[118.241484,24.41126],[118.241115,24.414484],[118.232284,24.41275],[118.225959,24.405048],[118.218901,24.409576],[118.213512,24.409773],[118.217365,24.420766],[118.216798,24.428069],[118.223842,24.436617],[118.227296,24.447872],[118.230524,24.452053],[118.241365,24.456056],[118.255281,24.455186]]],[[[118.231835,24.457667],[118.232204,24.457777],[118.232145,24.457578],[118.231835,24.457667]]],[[[118.276753,24.452448],[118.26882,24.452486],[118.272708,24.458035],[118.276753,24.452448]]],[[[118.241953,24.460231],[118.242402,24.460199],[118.24204,24.460025],[118.241953,24.460231]]],[[[118.397179,24.521919],[118.396981,24.521979],[118.397221,24.522069],[118.397179,24.521919]]],[[[118.397102,24.522332],[118.396194,24.522924],[118.397317,24.523018],[118.397102,24.522332]]],[[[118.396272,24.524607],[118.396801,24.524915],[118.396677,24.524139],[118.396272,24.524607]]],[[[118.439087,24.523661],[118.434812,24.5228],[118.438877,24.52523],[118.439087,24.523661]]],[[[118.414448,24.528311],[118.419181,24.530442],[118.424122,24.527671],[118.433576,24.525008],[118.431534,24.521947],[118.435653,24.514482],[118.450107,24.511001],[118.449549,24.504662],[118.451715,24.499394],[118.455794,24.495862],[118.455664,24.491326],[118.461939,24.484263],[118.468934,24.483683],[118.468986,24.480447],[118.463427,24.476592],[118.46402,24.467697],[118.466164,24.461148],[118.470336,24.455223],[118.476194,24.453282],[118.478159,24.45026],[118.474194,24.449567],[118.472637,24.441477],[118.463925,24.441288],[118.460489,24.436283],[118.466513,24.431586],[118.464628,24.42789],[118.457735,24.424052],[118.456033,24.41779],[118.44595,24.414027],[118.446389,24.412697],[118.437408,24.410075],[118.434409,24.407535],[118.426193,24.406782],[118.433009,24.416475],[118.427458,24.423894],[118.410503,24.428565],[118.409852,24.431805],[118.402605,24.434983],[118.395376,24.43584],[118.385807,24.435136],[118.372824,24.431922],[118.3539,24.423017],[118.348276,24.418376],[118.347712,24.414962],[118.341227,24.408758],[118.337489,24.401819],[118.334231,24.391089],[118.327499,24.386965],[118.320017,24.385835],[118.318228,24.388418],[118.309216,24.39023],[118.30549,24.395411],[118.295898,24.395853],[118.295601,24.399161],[118.290635,24.40199],[118.289962,24.404919],[118.278145,24.41303],[118.280956,24.41703],[118.290911,24.418848],[118.302199,24.43625],[118.302182,24.446201],[118.295546,24.456003],[118.295342,24.462362],[118.286214,24.474827],[118.286549,24.478903],[118.292732,24.489922],[118.299775,24.493686],[118.307479,24.495776],[118.318158,24.493159],[118.324274,24.487715],[118.331345,24.479046],[118.338679,24.474985],[118.346492,24.474104],[118.350431,24.471659],[118.363116,24.471675],[118.379052,24.485045],[118.380723,24.49125],[118.385699,24.493594],[118.383731,24.502698],[118.384035,24.5081],[118.39203,24.511609],[118.396838,24.519552],[118.400758,24.522225],[118.396518,24.525735],[118.399354,24.52864],[118.405597,24.527473],[118.407304,24.534231],[118.414448,24.528311]]],[[[119.479206,24.984859],[119.473622,24.977611],[119.465353,24.981405],[119.472709,24.987225],[119.479206,24.984859]]],[[[119.456872,24.985245],[119.447667,24.9875],[119.44328,24.996686],[119.444781,24.999617],[119.455794,24.994965],[119.458002,24.992356],[119.456872,24.985245]]]]}},{"type":"Feature","properties":{"name":"高雄市","code":"64000","name_en":"Kaohsiung City"},"geometry":{"type":"MultiPolygon","coordinates":[[[[114.361776,10.372781],[114.361704,10.372779],[114.361687,10.372804],[114.361776,10.372781]]],[[[114.361631,10.372815],[114.361638,10.372852],[114.361668,10.372805],[114.361631,10.372815]]],[[[114.361617,10.372854],[114.361565,10.372898],[114.361606,10.372921],[114.361617,10.372854]]],[[[114.361848,10.373116],[114.361566,10.372992],[114.361638,10.37311],[114.361848,10.373116]]],[[[114.361839,10.373165],[114.36193,10.37326],[114.361938,10.37321],[114.361839,10.373165]]],[[[114.367396,10.375573],[114.36027,10.373548],[114.359442,10.375616],[114.369231,10.379895],[114.367396,10.375573]]],[[[116.718733,20.70175],[116.718738,20.701794],[116.718765,20.701757],[116.718733,20.70175]]],[[[116.719021,20.70183],[116.71907,20.701697],[116.718716,20.701877],[116.719021,20.70183]]],[[[116.718513,20.701814],[116.718473,20.701824],[116.71849,20.701963],[116.718513,20.701814]]],[[[116.718263,20.702086],[116.718195,20.701964],[116.717879,20.70204],[116.718263,20.702086]]],[[[116.718461,20.702142],[116.718399,20.702186],[116.718466,20.702222],[116.718461,20.702142]]],[[[116.719018,20.702091],[116.718663,20.702058],[116.718539,20.702385],[116.719018,20.702091]]],[[[116.708856,20.702986],[116.708545,20.702883],[116.708584,20.703484],[116.708856,20.702986]]],[[[116.707873,20.703937],[116.707017,20.704445],[116.707688,20.70429],[116.707873,20.703937]]],[[[116.710262,20.704775],[116.710221,20.704814],[116.710343,20.704853],[116.710262,20.704775]]],[[[116.717136,20.709638],[116.73186,20.703287],[116.734246,20.697533],[116.730924,20.697219],[116.715328,20.701662],[116.721038,20.701021],[116.725974,20.704924],[116.711842,20.707667],[116.717136,20.709638]]],[[[121.015268,23.43541],[121.014155,23.430934],[121.021072,23.429361],[121.02272,23.424812],[121.029247,23.422791],[121.026651,23.406042],[121.028346,23.403763],[121.022641,23.400273],[121.019143,23.401438],[121.014642,23.396583],[121.006434,23.396556],[121.001133,23.391746],[121.007689,23.38666],[121.007718,23.384665],[121.000094,23.382373],[120.991178,23.371423],[120.98811,23.370677],[120.987095,23.358732],[120.994662,23.356372],[121.000057,23.356521],[121.007574,23.352026],[121.009964,23.346001],[121.015193,23.346342],[121.020045,23.350384],[121.022265,23.348266],[121.024746,23.339864],[121.03645,23.333506],[121.03942,23.329135],[121.049016,23.324683],[121.047159,23.320008],[121.048108,23.31457],[121.046444,23.309113],[121.03623,23.303761],[121.031895,23.303672],[121.028323,23.297123],[121.023746,23.293706],[121.01078,23.29277],[121.001384,23.287377],[120.990356,23.283903],[120.986084,23.280323],[120.978993,23.282268],[120.972629,23.282188],[120.966113,23.276584],[120.963364,23.272101],[120.959678,23.270841],[120.958164,23.265374],[120.951104,23.25951],[120.946693,23.253115],[120.941251,23.251948],[120.937897,23.244951],[120.931746,23.24258],[120.927207,23.244639],[120.919411,23.240981],[120.915461,23.237512],[120.911757,23.228431],[120.911715,23.210214],[120.906574,23.205359],[120.906441,23.196714],[120.910893,23.192169],[120.912463,23.186759],[120.909052,23.179801],[120.905907,23.180578],[120.898442,23.176257],[120.895857,23.171434],[120.895005,23.16072],[120.887351,23.158243],[120.883334,23.153438],[120.876601,23.150947],[120.88562,23.144624],[120.887872,23.136377],[120.885861,23.129516],[120.887728,23.121774],[120.88505,23.120017],[120.889403,23.110441],[120.889153,23.100494],[120.882587,23.083333],[120.878076,23.078233],[120.875347,23.068545],[120.869316,23.059927],[120.874479,23.05112],[120.878673,23.049002],[120.88126,23.044198],[120.879465,23.034667],[120.87264,23.034502],[120.86343,23.032262],[120.86098,23.029407],[120.861978,23.022069],[120.860659,23.008051],[120.858237,23.005056],[120.851011,23.005029],[120.852067,22.999906],[120.847033,22.992856],[120.84218,22.991208],[120.841184,22.984002],[120.832227,22.980062],[120.828932,22.973538],[120.830146,22.969991],[120.822182,22.964634],[120.820923,22.960949],[120.824755,22.952455],[120.821781,22.945124],[120.821942,22.934994],[120.826635,22.928594],[120.829162,22.920784],[120.831542,22.919567],[120.833291,22.912269],[120.828538,22.905208],[120.83354,22.899815],[120.835213,22.892755],[120.838229,22.889894],[120.838844,22.884639],[120.841984,22.881219],[120.852091,22.878098],[120.85973,22.878369],[120.864982,22.872215],[120.864202,22.866668],[120.859154,22.863447],[120.869435,22.857955],[120.86661,22.85335],[120.86828,22.850502],[120.864568,22.843082],[120.859731,22.848751],[120.85993,22.851463],[120.853188,22.857623],[120.847176,22.851967],[120.843849,22.853435],[120.840946,22.860383],[120.833041,22.866274],[120.82296,22.865722],[120.81589,22.862112],[120.813811,22.857663],[120.801082,22.851029],[120.793351,22.852032],[120.791704,22.848373],[120.792994,22.8423],[120.785843,22.839903],[120.778715,22.835204],[120.764,22.849287],[120.762159,22.856814],[120.755294,22.864446],[120.749264,22.865683],[120.742683,22.873553],[120.730943,22.876257],[120.724762,22.880908],[120.708257,22.881647],[120.702542,22.879242],[120.701369,22.876484],[120.691982,22.868454],[120.690544,22.864875],[120.679191,22.862953],[120.676727,22.857256],[120.672118,22.856354],[120.668575,22.858716],[120.66091,22.859672],[120.658651,22.866072],[120.659663,22.86995],[120.658056,22.87971],[120.654878,22.881475],[120.648442,22.877133],[120.645034,22.885178],[120.620635,22.875585],[120.616755,22.876817],[120.605826,22.873214],[120.59526,22.863666],[120.574813,22.848206],[120.566697,22.838361],[120.5542,22.828828],[120.544068,22.829797],[120.536438,22.829269],[120.530577,22.832986],[120.515658,22.83157],[120.509993,22.828515],[120.50342,22.831734],[120.496394,22.83254],[120.492773,22.835696],[120.482256,22.835975],[120.476242,22.838189],[120.46876,22.830677],[120.467359,22.815483],[120.465504,22.812754],[120.464039,22.800292],[120.457476,22.785499],[120.454119,22.771207],[120.45378,22.761501],[120.454913,22.739634],[120.456007,22.730577],[120.455746,22.718497],[120.450965,22.697365],[120.447527,22.688308],[120.442632,22.684561],[120.439556,22.678116],[120.440005,22.673043],[120.436633,22.66502],[120.435335,22.640261],[120.435809,22.630448],[120.433715,22.624615],[120.433687,22.6176],[120.437552,22.607278],[120.445794,22.598833],[120.447008,22.58618],[120.442709,22.562323],[120.436578,22.547563],[120.431272,22.544682],[120.425137,22.52848],[120.422859,22.518458],[120.423661,22.506528],[120.425734,22.498179],[120.423941,22.479957],[120.424437,22.46872],[120.410925,22.470736],[120.401859,22.473891],[120.38489,22.484884],[120.373251,22.491232],[120.355932,22.504282],[120.350969,22.509542],[120.333752,22.521412],[120.336919,22.525099],[120.333357,22.528786],[120.312448,22.514874],[120.293412,22.538433],[120.296967,22.540954],[120.30375,22.532697],[120.307614,22.535437],[120.316814,22.524237],[120.321837,22.527798],[120.307497,22.545258],[120.298545,22.547511],[120.303424,22.554342],[120.302841,22.557777],[120.285775,22.577862],[120.278367,22.584366],[120.271295,22.592789],[120.266793,22.599997],[120.263776,22.601909],[120.265606,22.610757],[120.256137,22.617705],[120.2567,22.620919],[120.263331,22.624106],[120.259338,22.633919],[120.256135,22.636255],[120.249949,22.650735],[120.251157,22.66194],[120.256359,22.668611],[120.25926,22.669047],[120.264459,22.675217],[120.262825,22.689042],[120.258054,22.689326],[120.258054,22.695564],[120.262249,22.698238],[120.256833,22.712435],[120.256489,22.718394],[120.250359,22.726845],[120.239308,22.75147],[120.233974,22.760384],[120.23124,22.760731],[120.232197,22.766446],[120.222863,22.785542],[120.215926,22.801941],[120.212328,22.807615],[120.197905,22.80525],[120.193318,22.807444],[120.190482,22.815295],[120.205982,22.820158],[120.205156,22.82523],[120.199031,22.843523],[120.192934,22.848476],[120.195282,22.850027],[120.189722,22.860703],[120.192856,22.864778],[120.190109,22.873249],[120.181838,22.892348],[120.174745,22.911708],[120.176747,22.912342],[120.18657,22.91965],[120.192052,22.921198],[120.201786,22.915717],[120.208068,22.915243],[120.214384,22.91048],[120.220113,22.909605],[120.227498,22.916727],[120.231692,22.915401],[120.233203,22.905402],[120.242861,22.903515],[120.247608,22.898192],[120.25647,22.894018],[120.256935,22.898977],[120.260534,22.901759],[120.272732,22.895493],[120.279495,22.896298],[120.277987,22.90441],[120.284565,22.904725],[120.303411,22.900428],[120.31568,22.89913],[120.320936,22.895632],[120.324045,22.900231],[120.32704,22.898463],[120.332491,22.889269],[120.354524,22.89002],[120.361054,22.897923],[120.359468,22.901424],[120.365987,22.902238],[120.365717,22.904523],[120.373138,22.90933],[120.371162,22.912276],[120.376786,22.914881],[120.38189,22.9211],[120.386895,22.918286],[120.392169,22.922296],[120.39901,22.922281],[120.40044,22.919036],[120.405334,22.918162],[120.409742,22.913805],[120.416513,22.916373],[120.424887,22.933172],[120.42615,22.939351],[120.428558,22.940715],[120.432957,22.955954],[120.437293,22.962286],[120.445192,22.979485],[120.45301,22.977754],[120.453191,22.98481],[120.455291,22.99114],[120.459635,22.989907],[120.459099,22.995866],[120.461479,22.998123],[120.460854,23.003939],[120.470551,23.002382],[120.480061,23.002989],[120.482671,23.015581],[120.503719,23.028648],[120.508671,23.034827],[120.523677,23.047654],[120.523033,23.04957],[120.53022,23.055921],[120.537694,23.058855],[120.538013,23.060749],[120.554499,23.068833],[120.558661,23.075326],[120.569103,23.084359],[120.574792,23.09142],[120.574054,23.094647],[120.588165,23.114321],[120.588405,23.12243],[120.594786,23.13182],[120.60111,23.144168],[120.611847,23.151704],[120.611111,23.155901],[120.616631,23.163136],[120.622947,23.163938],[120.625226,23.167763],[120.631062,23.170423],[120.629848,23.174485],[120.636168,23.175107],[120.637299,23.180398],[120.641101,23.182961],[120.636561,23.19025],[120.638995,23.192737],[120.643312,23.203325],[120.648359,23.208579],[120.651416,23.208479],[120.65625,23.21764],[120.653445,23.22454],[120.649484,23.228641],[120.651311,23.235821],[120.649185,23.240493],[120.649169,23.24708],[120.642082,23.256811],[120.64069,23.266517],[120.638517,23.268824],[120.643152,23.275982],[120.644071,23.281956],[120.641856,23.287477],[120.643743,23.296099],[120.646793,23.297503],[120.652003,23.291173],[120.657409,23.295246],[120.667314,23.294027],[120.67141,23.289971],[120.678392,23.288867],[120.693511,23.284542],[120.699543,23.284426],[120.703534,23.289462],[120.702834,23.297566],[120.704377,23.301977],[120.712166,23.308699],[120.72064,23.308342],[120.730629,23.305614],[120.732307,23.313861],[120.740072,23.317779],[120.742248,23.321468],[120.747856,23.321911],[120.753251,23.328193],[120.752836,23.331362],[120.758434,23.335486],[120.758069,23.344267],[120.764889,23.341695],[120.768455,23.34388],[120.783214,23.342206],[120.787581,23.346143],[120.788451,23.352823],[120.791654,23.356596],[120.796241,23.35686],[120.804694,23.367213],[120.804941,23.370959],[120.808518,23.368393],[120.815856,23.371366],[120.825247,23.371624],[120.828528,23.374956],[120.830971,23.386603],[120.83436,23.386596],[120.838445,23.396993],[120.843939,23.403926],[120.844754,23.40823],[120.849507,23.412864],[120.849171,23.419487],[120.858554,23.424895],[120.864326,23.42389],[120.869316,23.426259],[120.875362,23.432769],[120.887094,23.435204],[120.891767,23.44661],[120.895145,23.445923],[120.896783,23.450901],[120.902369,23.454142],[120.90567,23.453177],[120.912699,23.458481],[120.921556,23.459038],[120.928304,23.456784],[120.935106,23.458905],[120.936639,23.463782],[120.940281,23.463122],[120.950283,23.464799],[120.957515,23.469503],[120.966706,23.4717],[120.970632,23.469042],[120.979066,23.469375],[120.98355,23.467024],[120.999693,23.462167],[121.008461,23.462086],[121.015855,23.451609],[121.010625,23.446496],[121.010581,23.441244],[121.015268,23.43541]]]]}},{"type":"Feature","properties":{"name":"臺東縣","code":"10014","name_en":"Taitung County"},"geometry":{"type":"MultiPolygon","coordinates":[[[[121.608004,21.942814],[121.603536,21.951567],[121.614861,21.954879],[121.615963,21.944541],[121.608004,21.942814]]],[[[121.576688,22.078412],[121.577138,22.078726],[121.577238,22.078249],[121.576688,22.078412]]],[[[121.581143,22.078506],[121.579816,22.078796],[121.580254,22.079053],[121.581143,22.078506]]],[[[121.578452,22.079483],[121.577889,22.080263],[121.578753,22.079868],[121.578452,22.079483]]],[[[121.506054,22.084745],[121.513375,22.080392],[121.525565,22.081081],[121.528919,22.079649],[121.532936,22.081746],[121.552059,22.082634],[121.559955,22.080365],[121.566463,22.084302],[121.570443,22.080716],[121.567827,22.075464],[121.570881,22.064727],[121.5759,22.059965],[121.567653,22.058135],[121.563861,22.054046],[121.564074,22.048711],[121.568041,22.04085],[121.578679,22.03243],[121.596738,22.025117],[121.602708,22.019829],[121.602094,22.015169],[121.593084,22.001804],[121.585225,22.000684],[121.579681,22.004971],[121.57027,22.002173],[121.569394,22.008755],[121.562272,22.017294],[121.553274,22.024131],[121.548856,22.025691],[121.538707,22.024373],[121.527381,22.034412],[121.523989,22.039176],[121.520911,22.038709],[121.515204,22.046874],[121.510673,22.047479],[121.508595,22.056878],[121.510698,22.063319],[121.50872,22.070178],[121.499346,22.080529],[121.506054,22.084745]]],[[[121.569754,22.086282],[121.570205,22.087097],[121.57033,22.086376],[121.569754,22.086282]]],[[[121.567627,22.087842],[121.568553,22.087528],[121.567064,22.085909],[121.567627,22.087842]]],[[[121.493473,22.67509],[121.510005,22.677068],[121.511166,22.669724],[121.506912,22.657161],[121.508774,22.653831],[121.502196,22.652197],[121.499531,22.645897],[121.505006,22.635696],[121.495226,22.632485],[121.493439,22.638392],[121.485937,22.643988],[121.473508,22.646475],[121.475311,22.658703],[121.465285,22.670459],[121.465736,22.676364],[121.479842,22.674074],[121.484994,22.677332],[121.493473,22.67509]]],[[[121.512031,22.680408],[121.511244,22.681418],[121.512094,22.68122],[121.512031,22.680408]]],[[[121.496095,23.434819],[121.492495,23.426835],[121.489709,23.424266],[121.484086,23.410732],[121.484019,23.404122],[121.482039,23.397274],[121.4782,23.395511],[121.474859,23.386618],[121.472213,23.371531],[121.47367,23.364203],[121.470807,23.356673],[121.472209,23.352424],[121.467644,23.345611],[121.467753,23.331934],[121.465685,23.321867],[121.462029,23.312531],[121.454048,23.3135],[121.447013,23.30888],[121.443467,23.303916],[121.441676,23.297158],[121.439186,23.296854],[121.429745,23.281427],[121.427446,23.272653],[121.427405,23.265988],[121.42406,23.264243],[121.420819,23.257615],[121.420813,23.250041],[121.4187,23.246918],[121.4149,23.234921],[121.416057,23.227457],[121.420391,23.226312],[121.408839,23.213067],[121.402822,23.21224],[121.398305,23.208161],[121.396208,23.201115],[121.399311,23.183131],[121.40358,23.178717],[121.402939,23.171811],[121.406822,23.170274],[121.407589,23.162277],[121.40308,23.151291],[121.399348,23.148426],[121.401096,23.146039],[121.3998,23.135111],[121.404186,23.127211],[121.411157,23.123971],[121.416357,23.126764],[121.424024,23.127445],[121.424151,23.124902],[121.412475,23.122349],[121.407022,23.115882],[121.400961,23.113484],[121.395159,23.113421],[121.387701,23.105078],[121.382945,23.095484],[121.367308,23.096526],[121.363482,23.094009],[121.355086,23.07965],[121.356715,23.073763],[121.349332,23.066695],[121.346513,23.058922],[121.346276,23.052933],[121.343715,23.04832],[121.338761,23.034112],[121.339165,23.025905],[121.335158,23.021812],[121.337191,23.020105],[121.328732,23.015192],[121.328345,23.009236],[121.323235,23.004846],[121.321616,22.997147],[121.323769,22.993887],[121.316492,22.981229],[121.295239,22.954589],[121.292034,22.955627],[121.284277,22.949577],[121.279804,22.939082],[121.278893,22.931551],[121.274866,22.924938],[121.272837,22.917825],[121.268708,22.9111],[121.2622,22.906443],[121.25915,22.898273],[121.255586,22.895159],[121.250961,22.886069],[121.247104,22.881286],[121.239943,22.879622],[121.236246,22.873763],[121.236131,22.867896],[121.232094,22.864124],[121.225592,22.867103],[121.220249,22.864999],[121.209046,22.863089],[121.19149,22.849679],[121.187914,22.835375],[121.18626,22.832893],[121.188493,22.828044],[121.192408,22.825564],[121.193628,22.818445],[121.197727,22.815452],[121.196687,22.812592],[121.200897,22.798762],[121.19518,22.79048],[121.187895,22.790652],[121.181403,22.7829],[121.18025,22.771308],[121.176997,22.760098],[121.173769,22.756145],[121.16599,22.751173],[121.156788,22.747322],[121.14509,22.734447],[121.136913,22.729094],[121.128112,22.719362],[121.101132,22.705161],[121.093185,22.703711],[121.081359,22.698198],[121.073108,22.691755],[121.064246,22.682007],[121.055361,22.676101],[121.039336,22.670336],[121.029201,22.660878],[121.022284,22.64923],[121.017193,22.635685],[121.012596,22.619511],[121.00916,22.58896],[120.997989,22.578126],[120.985833,22.569678],[120.977141,22.554102],[120.968367,22.526894],[120.959362,22.504757],[120.955103,22.490018],[120.946403,22.456881],[120.941757,22.446617],[120.933105,22.423209],[120.928847,22.417181],[120.925201,22.408967],[120.922107,22.398416],[120.914873,22.384924],[120.908829,22.359195],[120.902617,22.352546],[120.894913,22.33466],[120.892307,22.315802],[120.891625,22.297924],[120.891871,22.277489],[120.893061,22.266689],[120.895999,22.252677],[120.896298,22.246429],[120.884034,22.240592],[120.880881,22.235025],[120.876531,22.234845],[120.86668,22.229808],[120.86233,22.231348],[120.864301,22.234285],[120.858672,22.240819],[120.850839,22.243657],[120.839778,22.243705],[120.832545,22.247255],[120.825911,22.256646],[120.815201,22.263254],[120.799725,22.25718],[120.797899,22.257938],[120.799602,22.264995],[120.796209,22.267943],[120.798194,22.276462],[120.806778,22.277159],[120.805698,22.283795],[120.793405,22.285724],[120.788611,22.294003],[120.781556,22.294597],[120.777748,22.297973],[120.778156,22.308499],[120.787135,22.309208],[120.792965,22.312415],[120.796794,22.318325],[120.793409,22.323646],[120.792477,22.335624],[120.785061,22.345524],[120.775801,22.348745],[120.767951,22.347399],[120.763591,22.352242],[120.763185,22.358969],[120.752436,22.360545],[120.743463,22.367262],[120.74752,22.371405],[120.748626,22.380384],[120.750504,22.384089],[120.756488,22.388384],[120.752413,22.392056],[120.753802,22.396436],[120.757589,22.398075],[120.753423,22.405059],[120.758121,22.404905],[120.764948,22.408927],[120.773395,22.406936],[120.780361,22.409453],[120.789642,22.417649],[120.786871,22.425181],[120.780264,22.43713],[120.775037,22.444288],[120.776453,22.448944],[120.771929,22.451838],[120.765456,22.4529],[120.758181,22.458519],[120.751614,22.458412],[120.751752,22.464546],[120.754425,22.472432],[120.750813,22.479156],[120.757463,22.481832],[120.758558,22.488407],[120.76384,22.491159],[120.762705,22.5011],[120.757489,22.508548],[120.75389,22.510771],[120.750023,22.534022],[120.739486,22.551455],[120.739636,22.562542],[120.741535,22.568672],[120.747951,22.571078],[120.749092,22.578636],[120.745766,22.588322],[120.746602,22.590956],[120.754819,22.601563],[120.752892,22.612081],[120.761322,22.630042],[120.76766,22.636188],[120.773838,22.646231],[120.779784,22.652535],[120.786356,22.662984],[120.786231,22.672043],[120.791573,22.679185],[120.786748,22.692741],[120.78913,22.69329],[120.79768,22.689103],[120.808027,22.689188],[120.811452,22.69204],[120.818873,22.69088],[120.819883,22.695597],[120.828697,22.697661],[120.836796,22.69708],[120.840241,22.706668],[120.843368,22.707649],[120.848699,22.716987],[120.855083,22.717452],[120.858616,22.713631],[120.861387,22.716657],[120.869123,22.715946],[120.883515,22.717068],[120.891439,22.72938],[120.894721,22.737588],[120.894152,22.751065],[120.895614,22.755743],[120.893564,22.766785],[120.899639,22.768803],[120.903863,22.775811],[120.904185,22.783196],[120.901695,22.787545],[120.903303,22.799808],[120.900896,22.804275],[120.891198,22.811625],[120.881135,22.814515],[120.877269,22.813051],[120.868633,22.816852],[120.86509,22.824802],[120.861669,22.826972],[120.865403,22.835614],[120.864568,22.843082],[120.86828,22.850502],[120.86661,22.85335],[120.869435,22.857955],[120.859154,22.863447],[120.864202,22.866668],[120.864982,22.872215],[120.85973,22.878369],[120.852091,22.878098],[120.841984,22.881219],[120.838844,22.884639],[120.838229,22.889894],[120.835213,22.892755],[120.83354,22.899815],[120.828538,22.905208],[120.833291,22.912269],[120.831542,22.919567],[120.829162,22.920784],[120.826635,22.928594],[120.821942,22.934994],[120.821781,22.945124],[120.824755,22.952455],[120.820923,22.960949],[120.822182,22.964634],[120.830146,22.969991],[120.828932,22.973538],[120.832227,22.980062],[120.841184,22.984002],[120.84218,22.991208],[120.847033,22.992856],[120.852067,22.999906],[120.851011,23.005029],[120.858237,23.005056],[120.860659,23.008051],[120.861978,23.022069],[120.86098,23.029407],[120.86343,23.032262],[120.87264,23.034502],[120.879465,23.034667],[120.88126,23.044198],[120.878673,23.049002],[120.874479,23.05112],[120.869316,23.059927],[120.875347,23.068545],[120.878076,23.078233],[120.882587,23.083333],[120.889153,23.100494],[120.889403,23.110441],[120.88505,23.120017],[120.887728,23.121774],[120.885861,23.129516],[120.887872,23.136377],[120.88562,23.144624],[120.876601,23.150947],[120.883334,23.153438],[120.887351,23.158243],[120.895005,23.16072],[120.895857,23.171434],[120.898442,23.176257],[120.905907,23.180578],[120.909052,23.179801],[120.912463,23.186759],[120.910893,23.192169],[120.906441,23.196714],[120.906574,23.205359],[120.911715,23.210214],[120.911757,23.228431],[120.915461,23.237512],[120.919411,23.240981],[120.927207,23.244639],[120.931746,23.24258],[120.937897,23.244951],[120.941251,23.251948],[120.946693,23.253115],[120.951104,23.25951],[120.958164,23.265374],[120.959678,23.270841],[120.963364,23.272101],[120.966113,23.276584],[120.972629,23.282188],[120.978993,23.282268],[120.986084,23.280323],[120.990356,23.283903],[121.001384,23.287377],[121.01078,23.29277],[121.023746,23.293706],[121.028323,23.297123],[121.038901,23.300653],[121.043066,23.296311],[121.056315,23.290299],[121.062067,23.279408],[121.06065,23.276558],[121.062417,23.26584],[121.066179,23.257284],[121.069225,23.255175],[121.070044,23.248756],[121.078513,23.237413],[121.079353,23.23265],[121.092448,23.233885],[121.098855,23.22806],[121.108884,23.223517],[121.115505,23.225012],[121.124417,23.225029],[121.129395,23.223297],[121.132394,23.215488],[121.138094,23.20809],[121.139858,23.201526],[121.150056,23.19856],[121.154702,23.199147],[121.16091,23.205963],[121.175628,23.210185],[121.184395,23.204912],[121.189504,23.203716],[121.194429,23.192506],[121.198255,23.18844],[121.19917,23.17509],[121.210299,23.159894],[121.212506,23.154746],[121.210641,23.148058],[121.211951,23.14423],[121.225066,23.13985],[121.231044,23.139174],[121.238456,23.128734],[121.242314,23.12802],[121.249405,23.131415],[121.257772,23.125972],[121.25957,23.12101],[121.267123,23.114313],[121.267386,23.10938],[121.26433,23.104048],[121.270979,23.100918],[121.272355,23.097875],[121.278629,23.101099],[121.284413,23.106563],[121.291424,23.109362],[121.299946,23.109269],[121.303433,23.111161],[121.315958,23.110464],[121.321981,23.117235],[121.322944,23.123765],[121.320349,23.13775],[121.323814,23.143292],[121.324399,23.148972],[121.327205,23.152186],[121.322256,23.155137],[121.3175,23.164362],[121.321862,23.169388],[121.323804,23.178382],[121.328446,23.179315],[121.334934,23.177926],[121.337618,23.188568],[121.342118,23.195744],[121.343718,23.203956],[121.346881,23.209202],[121.346568,23.217161],[121.353284,23.220005],[121.356923,23.223857],[121.352602,23.231298],[121.357813,23.238306],[121.361538,23.246898],[121.359498,23.252806],[121.370372,23.262032],[121.371613,23.266768],[121.37792,23.269613],[121.378607,23.274505],[121.376857,23.282091],[121.376297,23.295761],[121.377815,23.300732],[121.384156,23.308382],[121.387848,23.310634],[121.390251,23.320617],[121.397737,23.321679],[121.403171,23.336248],[121.409714,23.345891],[121.416804,23.349451],[121.422205,23.354976],[121.422804,23.360025],[121.417981,23.360562],[121.413191,23.36384],[121.408257,23.364522],[121.404833,23.369263],[121.400011,23.386474],[121.403617,23.389406],[121.412461,23.402301],[121.419972,23.416894],[121.419575,23.419409],[121.425619,23.426218],[121.433403,23.43286],[121.441095,23.434142],[121.446045,23.443542],[121.455058,23.441114],[121.461667,23.441499],[121.462039,23.439548],[121.473311,23.440616],[121.480356,23.430792],[121.484741,23.430987],[121.491126,23.43527],[121.496095,23.434819]]]]}},{"type":"Feature","properties":{"name":"花蓮縣","code":"10015","name_en":"Hualien County"},"geometry":{"type":"Polygon","coordinates":[[[121.774057,24.315277],[121.772998,24.308766],[121.769531,24.302704],[121.75356,24.288243],[121.748154,24.279895],[121.744102,24.261296],[121.728293,24.245708],[121.716958,24.242782],[121.713215,24.238873],[121.706125,24.225613],[121.696272,24.220726],[121.68607,24.212982],[121.673941,24.207561],[121.669432,24.200566],[121.663311,24.194145],[121.659751,24.184112],[121.658472,24.171882],[121.660418,24.162405],[121.664209,24.155437],[121.665135,24.140522],[121.663752,24.134519],[121.655064,24.121516],[121.645143,24.113756],[121.633708,24.107592],[121.628359,24.102689],[121.619124,24.089586],[121.616194,24.078606],[121.616487,24.06146],[121.620708,24.048369],[121.630529,24.03026],[121.636492,24.023878],[121.643664,24.019388],[121.647906,24.008943],[121.639551,23.9954],[121.634826,23.984629],[121.634996,23.97981],[121.628279,23.969469],[121.622185,23.977869],[121.615836,23.973205],[121.607901,23.960165],[121.606906,23.952773],[121.610169,23.943115],[121.611869,23.933327],[121.607142,23.919839],[121.60518,23.910773],[121.605685,23.899404],[121.601796,23.874296],[121.598236,23.857015],[121.593917,23.844589],[121.585892,23.829304],[121.583401,23.819829],[121.576527,23.810903],[121.572398,23.797932],[121.570808,23.782376],[121.57126,23.766131],[121.573142,23.76235],[121.56981,23.749454],[121.560014,23.72925],[121.55224,23.722741],[121.549287,23.711772],[121.549857,23.702948],[121.553363,23.698344],[121.550686,23.692441],[121.546184,23.675235],[121.545358,23.664567],[121.540999,23.660525],[121.543764,23.656004],[121.535878,23.645617],[121.53123,23.626469],[121.529808,23.609066],[121.530075,23.597162],[121.525957,23.581362],[121.526294,23.576383],[121.52201,23.567058],[121.518589,23.563453],[121.511344,23.551481],[121.503474,23.519029],[121.505436,23.51127],[121.507721,23.491229],[121.512829,23.491287],[121.513954,23.487149],[121.509716,23.479433],[121.508098,23.471711],[121.504147,23.468471],[121.499829,23.45615],[121.496095,23.434819],[121.491126,23.43527],[121.484741,23.430987],[121.480356,23.430792],[121.473311,23.440616],[121.462039,23.439548],[121.461667,23.441499],[121.455058,23.441114],[121.446045,23.443542],[121.441095,23.434142],[121.433403,23.43286],[121.425619,23.426218],[121.419575,23.419409],[121.419972,23.416894],[121.412461,23.402301],[121.403617,23.389406],[121.400011,23.386474],[121.404833,23.369263],[121.408257,23.364522],[121.413191,23.36384],[121.417981,23.360562],[121.422804,23.360025],[121.422205,23.354976],[121.416804,23.349451],[121.409714,23.345891],[121.403171,23.336248],[121.397737,23.321679],[121.390251,23.320617],[121.387848,23.310634],[121.384156,23.308382],[121.377815,23.300732],[121.376297,23.295761],[121.376857,23.282091],[121.378607,23.274505],[121.37792,23.269613],[121.371613,23.266768],[121.370372,23.262032],[121.359498,23.252806],[121.361538,23.246898],[121.357813,23.238306],[121.352602,23.231298],[121.356923,23.223857],[121.353284,23.220005],[121.346568,23.217161],[121.346881,23.209202],[121.343718,23.203956],[121.342118,23.195744],[121.337618,23.188568],[121.334934,23.177926],[121.328446,23.179315],[121.323804,23.178382],[121.321862,23.169388],[121.3175,23.164362],[121.322256,23.155137],[121.327205,23.152186],[121.324399,23.148972],[121.323814,23.143292],[121.320349,23.13775],[121.322944,23.123765],[121.321981,23.117235],[121.315958,23.110464],[121.303433,23.111161],[121.299946,23.109269],[121.291424,23.109362],[121.284413,23.106563],[121.278629,23.101099],[121.272355,23.097875],[121.270979,23.100918],[121.26433,23.104048],[121.267386,23.10938],[121.267123,23.114313],[121.25957,23.12101],[121.257772,23.125972],[121.249405,23.131415],[121.242314,23.12802],[121.238456,23.128734],[121.231044,23.139174],[121.225066,23.13985],[121.211951,23.14423],[121.210641,23.148058],[121.212506,23.154746],[121.210299,23.159894],[121.19917,23.17509],[121.198255,23.18844],[121.194429,23.192506],[121.189504,23.203716],[121.184395,23.204912],[121.175628,23.210185],[121.16091,23.205963],[121.154702,23.199147],[121.150056,23.19856],[121.139858,23.201526],[121.138094,23.20809],[121.132394,23.215488],[121.129395,23.223297],[121.124417,23.225029],[121.115505,23.225012],[121.108884,23.223517],[121.098855,23.22806],[121.092448,23.233885],[121.079353,23.23265],[121.078513,23.237413],[121.070044,23.248756],[121.069225,23.255175],[121.066179,23.257284],[121.062417,23.26584],[121.06065,23.276558],[121.062067,23.279408],[121.056315,23.290299],[121.043066,23.296311],[121.038901,23.300653],[121.028323,23.297123],[121.031895,23.303672],[121.03623,23.303761],[121.046444,23.309113],[121.048108,23.31457],[121.047159,23.320008],[121.049016,23.324683],[121.03942,23.329135],[121.03645,23.333506],[121.024746,23.339864],[121.022265,23.348266],[121.020045,23.350384],[121.015193,23.346342],[121.009964,23.346001],[121.007574,23.352026],[121.000057,23.356521],[120.994662,23.356372],[120.987095,23.358732],[120.98811,23.370677],[120.991178,23.371423],[121.000094,23.382373],[121.007718,23.384665],[121.007689,23.38666],[121.001133,23.391746],[121.006434,23.396556],[121.014642,23.396583],[121.019143,23.401438],[121.022641,23.400273],[121.028346,23.403763],[121.026651,23.406042],[121.029247,23.422791],[121.02272,23.424812],[121.021072,23.429361],[121.014155,23.430934],[121.015268,23.43541],[121.021891,23.438884],[121.026519,23.439153],[121.033528,23.44544],[121.05158,23.450762],[121.053241,23.455439],[121.059005,23.461887],[121.051126,23.464487],[121.049652,23.467833],[121.039007,23.474433],[121.053334,23.487486],[121.052794,23.493565],[121.062081,23.49943],[121.066023,23.506119],[121.068522,23.518475],[121.082758,23.514703],[121.092099,23.514842],[121.097574,23.52169],[121.103674,23.51893],[121.120452,23.520995],[121.126351,23.517047],[121.128267,23.518486],[121.13557,23.515246],[121.138335,23.520592],[121.150756,23.528812],[121.146876,23.534105],[121.150998,23.545416],[121.146233,23.554197],[121.152042,23.560533],[121.157143,23.559555],[121.160352,23.569764],[121.153434,23.57167],[121.151917,23.573906],[121.153392,23.586778],[121.169409,23.586574],[121.171084,23.584437],[121.178828,23.583121],[121.179827,23.590087],[121.189409,23.594812],[121.194562,23.600524],[121.200126,23.596401],[121.20623,23.595787],[121.213121,23.600082],[121.217323,23.614696],[121.219955,23.616926],[121.22473,23.626818],[121.224264,23.639131],[121.230249,23.647986],[121.231927,23.657878],[121.235424,23.661407],[121.236009,23.670505],[121.232635,23.676293],[121.234279,23.680958],[121.239321,23.686744],[121.239354,23.69978],[121.241172,23.709005],[121.239265,23.710962],[121.237818,23.719851],[121.239408,23.724346],[121.23621,23.724358],[121.233163,23.730043],[121.229639,23.730189],[121.228815,23.744283],[121.23308,23.747951],[121.229306,23.752268],[121.22148,23.75272],[121.218645,23.756383],[121.213173,23.757621],[121.206464,23.762884],[121.20861,23.765999],[121.204651,23.772397],[121.211735,23.775579],[121.228346,23.785222],[121.230331,23.790277],[121.227061,23.791277],[121.225506,23.798233],[121.2276,23.808607],[121.234554,23.812171],[121.239767,23.841049],[121.244517,23.848911],[121.248923,23.85213],[121.250397,23.860846],[121.253035,23.867893],[121.257974,23.872331],[121.265251,23.872904],[121.262926,23.879499],[121.268284,23.883439],[121.265506,23.89124],[121.266534,23.898409],[121.262327,23.899249],[121.261061,23.902601],[121.26627,23.907265],[121.274901,23.907534],[121.276513,23.923162],[121.273407,23.928489],[121.274849,23.931541],[121.272075,23.938216],[121.274285,23.945714],[121.27182,23.948216],[121.274704,23.951445],[121.275246,23.960418],[121.277909,23.965832],[121.273214,23.975366],[121.264866,23.975364],[121.261606,23.981244],[121.260111,23.992324],[121.26942,24.006344],[121.271786,24.013118],[121.276315,24.020151],[121.276608,24.024615],[121.285726,24.039721],[121.283207,24.054267],[121.295543,24.063779],[121.298921,24.061638],[121.30819,24.073307],[121.318374,24.080061],[121.323295,24.086544],[121.319118,24.095396],[121.325224,24.101829],[121.328401,24.114633],[121.315881,24.116418],[121.30354,24.124579],[121.295862,24.132441],[121.281367,24.135872],[121.284219,24.145849],[121.284682,24.152042],[121.280332,24.157864],[121.287798,24.157209],[121.288288,24.166227],[121.2862,24.17736],[121.29171,24.177109],[121.298784,24.180091],[121.305644,24.180047],[121.316114,24.185529],[121.325759,24.196174],[121.335805,24.19911],[121.340854,24.198461],[121.349672,24.200236],[121.349284,24.210637],[121.343014,24.223554],[121.352027,24.234072],[121.3526,24.243855],[121.360662,24.243944],[121.366738,24.25193],[121.373093,24.254096],[121.378418,24.252816],[121.385119,24.255125],[121.385676,24.264025],[121.383264,24.26798],[121.380467,24.279481],[121.389625,24.287257],[121.39351,24.288233],[121.402764,24.295947],[121.405387,24.308302],[121.411429,24.307265],[121.41688,24.309175],[121.423228,24.308217],[121.426091,24.313972],[121.434941,24.322564],[121.432488,24.329595],[121.434299,24.338272],[121.437734,24.342456],[121.435611,24.347248],[121.441568,24.358595],[121.447459,24.359843],[121.452005,24.364682],[121.464971,24.355559],[121.475255,24.351267],[121.478867,24.351878],[121.485476,24.348376],[121.49223,24.342092],[121.498114,24.339236],[121.504375,24.342936],[121.509672,24.341203],[121.518477,24.341153],[121.522151,24.343024],[121.527747,24.339154],[121.540527,24.335915],[121.544724,24.337825],[121.556071,24.331157],[121.560078,24.322638],[121.569599,24.317944],[121.575579,24.319694],[121.587507,24.316065],[121.589223,24.314003],[121.597184,24.316297],[121.603129,24.313172],[121.605673,24.309506],[121.607015,24.312641],[121.604633,24.318273],[121.596563,24.328142],[121.595744,24.331627],[121.599443,24.333377],[121.604464,24.329012],[121.607573,24.335228],[121.611303,24.336019],[121.615722,24.333224],[121.618024,24.344641],[121.620279,24.345338],[121.622894,24.33944],[121.627472,24.341123],[121.626682,24.33563],[121.632964,24.334967],[121.631492,24.344276],[121.635109,24.348368],[121.626781,24.349803],[121.626894,24.354128],[121.622276,24.356684],[121.621706,24.366631],[121.630943,24.370553],[121.630908,24.366114],[121.634776,24.366537],[121.64062,24.356996],[121.648903,24.349401],[121.650668,24.359857],[121.653939,24.35215],[121.663895,24.349178],[121.669276,24.342973],[121.673974,24.343401],[121.675935,24.337468],[121.683842,24.340737],[121.689491,24.333587],[121.697315,24.334264],[121.706454,24.329084],[121.714338,24.326725],[121.727783,24.325991],[121.735171,24.323079],[121.744728,24.322858],[121.759105,24.314211],[121.770132,24.313123],[121.774057,24.315277]]]}},{"type":"Feature","properties":{"name":"澎湖縣","code":"10016","name_en":"Penghu County"},"geometry":{"type":"MultiPolygon","coordinates":[[[[119.447962,23.219708],[119.444321,23.215264],[119.442899,23.200422],[119.436494,23.201925],[119.429875,23.196778],[119.431578,23.191096],[119.430457,23.186595],[119.423718,23.191648],[119.421738,23.196073],[119.418518,23.195716],[119.420622,23.203319],[119.411464,23.211522],[119.409505,23.216288],[119.412974,23.214234],[119.414731,23.217311],[119.439948,23.221403],[119.447962,23.219708]]],[[[119.498142,23.232745],[119.49863,23.231538],[119.497114,23.232444],[119.498142,23.232745]]],[[[119.520792,23.234785],[119.519931,23.233776],[119.519699,23.235127],[119.520792,23.234785]]],[[[119.548153,23.235035],[119.54626,23.235292],[119.547652,23.236297],[119.548153,23.235035]]],[[[119.550824,23.241875],[119.550619,23.241996],[119.551106,23.242335],[119.550824,23.241875]]],[[[119.550713,23.243038],[119.550118,23.242282],[119.549327,23.242966],[119.550713,23.243038]]],[[[119.551077,23.243868],[119.551264,23.244145],[119.551389,23.243934],[119.551077,23.243868]]],[[[119.519582,23.250116],[119.519922,23.250591],[119.520177,23.250199],[119.519582,23.250116]]],[[[119.518713,23.250604],[119.519043,23.251014],[119.51931,23.250694],[119.518713,23.250604]]],[[[119.514382,23.251309],[119.514159,23.252066],[119.51647,23.252151],[119.514382,23.251309]]],[[[119.513847,23.252717],[119.514177,23.252897],[119.514248,23.25261],[119.513847,23.252717]]],[[[119.621354,23.252981],[119.619633,23.24871],[119.621879,23.246543],[119.616733,23.243703],[119.611802,23.245684],[119.608731,23.251421],[119.613522,23.253639],[119.621354,23.252981]]],[[[119.518636,23.252342],[119.517804,23.253693],[119.519459,23.253918],[119.518636,23.252342]]],[[[119.618568,23.255051],[119.617671,23.255059],[119.618005,23.255538],[119.618568,23.255051]]],[[[119.502861,23.257796],[119.502001,23.257805],[119.502495,23.258865],[119.502861,23.257796]]],[[[119.679147,23.263551],[119.67818,23.256482],[119.67245,23.25049],[119.672206,23.244112],[119.665008,23.250664],[119.667852,23.255474],[119.666703,23.261446],[119.679147,23.263551]]],[[[119.659923,23.259944],[119.656722,23.26098],[119.658883,23.264206],[119.659923,23.259944]]],[[[119.522073,23.262081],[119.516459,23.256987],[119.511757,23.255227],[119.514026,23.262164],[119.518673,23.265312],[119.522073,23.262081]]],[[[119.512588,23.272123],[119.511089,23.272064],[119.511922,23.272513],[119.512588,23.272123]]],[[[119.508463,23.272725],[119.507781,23.272777],[119.508108,23.273236],[119.508463,23.272725]]],[[[119.509725,23.272568],[119.510932,23.267148],[119.505019,23.268208],[119.503146,23.272546],[119.509725,23.272568]]],[[[119.50389,23.276494],[119.503851,23.275824],[119.501556,23.276233],[119.50389,23.276494]]],[[[119.501819,23.276706],[119.501525,23.2764],[119.501178,23.276668],[119.501819,23.276706]]],[[[119.500625,23.286661],[119.500045,23.286936],[119.500345,23.287102],[119.500625,23.286661]]],[[[119.502593,23.290491],[119.501077,23.289301],[119.50121,23.290739],[119.502593,23.290491]]],[[[119.501054,23.290642],[119.500408,23.290838],[119.500571,23.291231],[119.501054,23.290642]]],[[[119.342462,23.305167],[119.342342,23.305815],[119.3427,23.305257],[119.342462,23.305167]]],[[[119.341653,23.307982],[119.341832,23.308697],[119.34242,23.307558],[119.341653,23.307982]]],[[[119.338423,23.318031],[119.335537,23.317569],[119.335125,23.321862],[119.338423,23.318031]]],[[[119.326129,23.324197],[119.326078,23.324276],[119.326169,23.324337],[119.326129,23.324197]]],[[[119.325577,23.324006],[119.323328,23.324011],[119.324015,23.324615],[119.325577,23.324006]]],[[[119.322947,23.324592],[119.322923,23.324107],[119.322504,23.324537],[119.322947,23.324592]]],[[[119.332371,23.324482],[119.332495,23.324653],[119.332512,23.324428],[119.332371,23.324482]]],[[[119.328085,23.324936],[119.328172,23.32506],[119.328192,23.324947],[119.328085,23.324936]]],[[[119.322951,23.323926],[119.31839,23.324601],[119.319686,23.327475],[119.322951,23.323926]]],[[[119.55482,23.34827],[119.555424,23.348778],[119.555767,23.348027],[119.55482,23.34827]]],[[[119.464669,23.34703],[119.465539,23.348712],[119.465883,23.347837],[119.464669,23.34703]]],[[[119.54327,23.348818],[119.543325,23.349019],[119.543531,23.348923],[119.54327,23.348818]]],[[[119.539934,23.350428],[119.538866,23.349219],[119.538027,23.35001],[119.539934,23.350428]]],[[[119.541216,23.350715],[119.541398,23.351258],[119.541584,23.351011],[119.541216,23.350715]]],[[[119.519732,23.351325],[119.519817,23.351537],[119.519962,23.351498],[119.519732,23.351325]]],[[[119.519644,23.35163],[119.519612,23.351849],[119.520006,23.351839],[119.519644,23.35163]]],[[[119.469708,23.35295],[119.467781,23.350832],[119.467942,23.353387],[119.469708,23.35295]]],[[[119.466881,23.353801],[119.467034,23.354028],[119.46717,23.353721],[119.466881,23.353801]]],[[[119.468209,23.354853],[119.468133,23.354969],[119.468246,23.354973],[119.468209,23.354853]]],[[[119.527474,23.355198],[119.527222,23.355417],[119.5276,23.355434],[119.527474,23.355198]]],[[[119.463705,23.354844],[119.463461,23.354497],[119.463356,23.3552],[119.463705,23.354844]]],[[[119.468355,23.355277],[119.468049,23.355655],[119.468393,23.355571],[119.468355,23.355277]]],[[[119.462989,23.355162],[119.460204,23.35466],[119.461714,23.356044],[119.462989,23.355162]]],[[[119.517503,23.356606],[119.518036,23.356692],[119.517857,23.356338],[119.517503,23.356606]]],[[[119.481772,23.356623],[119.481125,23.35606],[119.478777,23.359185],[119.481772,23.356623]]],[[[119.537711,23.35996],[119.535592,23.361487],[119.536447,23.363342],[119.537711,23.35996]]],[[[119.553208,23.363532],[119.552201,23.363822],[119.55261,23.364265],[119.553208,23.363532]]],[[[119.553392,23.366689],[119.552372,23.365837],[119.552566,23.366739],[119.553392,23.366689]]],[[[119.531528,23.374014],[119.531236,23.374349],[119.531709,23.374456],[119.531528,23.374014]]],[[[119.525657,23.375034],[119.524703,23.373317],[119.522939,23.375345],[119.525657,23.375034]]],[[[119.537593,23.374194],[119.54082,23.372725],[119.543837,23.364975],[119.533246,23.366971],[119.525921,23.362811],[119.526598,23.36035],[119.520511,23.361253],[119.519468,23.366686],[119.522731,23.365953],[119.527646,23.368708],[119.526891,23.372133],[119.537593,23.374194]]],[[[119.487549,23.378054],[119.487248,23.37865],[119.487767,23.378904],[119.487549,23.378054]]],[[[119.52962,23.376501],[119.526578,23.378473],[119.52651,23.379487],[119.52962,23.376501]]],[[[119.514632,23.380838],[119.512098,23.382149],[119.513931,23.383979],[119.514632,23.380838]]],[[[119.514046,23.396081],[119.512436,23.395452],[119.512521,23.396117],[119.514046,23.396081]]],[[[119.495001,23.396975],[119.501167,23.389131],[119.505615,23.392758],[119.508048,23.390703],[119.506996,23.384753],[119.508588,23.376427],[119.511831,23.375813],[119.508249,23.372003],[119.513344,23.370772],[119.514595,23.374953],[119.516298,23.367845],[119.507646,23.364661],[119.508324,23.358485],[119.513788,23.353539],[119.501744,23.35547],[119.490617,23.353121],[119.486288,23.355997],[119.494543,23.36531],[119.492055,23.375321],[119.492002,23.38185],[119.495917,23.387624],[119.489432,23.394645],[119.495001,23.396975]]],[[[119.328973,23.407071],[119.330687,23.404861],[119.327695,23.400793],[119.319667,23.397965],[119.314714,23.399725],[119.314573,23.403007],[119.318438,23.406876],[119.319103,23.411629],[119.328973,23.407071]]],[[[119.543349,23.493537],[119.536864,23.491947],[119.528773,23.486677],[119.517257,23.485453],[119.511192,23.483062],[119.508883,23.485612],[119.509666,23.49102],[119.512283,23.491292],[119.516704,23.486467],[119.520711,23.492219],[119.525595,23.492742],[119.529305,23.495845],[119.537585,23.498076],[119.543349,23.493537]]],[[[119.522036,23.510281],[119.514455,23.509403],[119.516191,23.514727],[119.522036,23.510281]]],[[[119.72612,23.536077],[119.726979,23.534348],[119.724179,23.535483],[119.72612,23.536077]]],[[[119.661303,23.539548],[119.659945,23.539648],[119.661335,23.540385],[119.661303,23.539548]]],[[[119.69851,23.540561],[119.698629,23.538281],[119.696592,23.539563],[119.69851,23.540561]]],[[[119.533307,23.539021],[119.530223,23.541167],[119.532852,23.541964],[119.533307,23.539021]]],[[[119.659245,23.541557],[119.65967,23.542534],[119.660046,23.541788],[119.659245,23.541557]]],[[[119.660079,23.543054],[119.65929,23.544109],[119.66088,23.544789],[119.660079,23.543054]]],[[[119.689989,23.546692],[119.689381,23.547002],[119.689914,23.547571],[119.689989,23.546692]]],[[[119.686386,23.548182],[119.685753,23.547336],[119.685546,23.549254],[119.686386,23.548182]]],[[[119.707043,23.554124],[119.706879,23.554],[119.706833,23.554152],[119.707043,23.554124]]],[[[119.541292,23.554112],[119.54125,23.554258],[119.541597,23.554282],[119.541292,23.554112]]],[[[119.706469,23.554566],[119.706277,23.554649],[119.706516,23.554819],[119.706469,23.554566]]],[[[119.5431,23.55329],[119.541799,23.552778],[119.541566,23.555124],[119.5431,23.55329]]],[[[119.697216,23.554996],[119.696622,23.554618],[119.695451,23.555456],[119.697216,23.554996]]],[[[119.66015,23.554909],[119.659768,23.55613],[119.660771,23.555298],[119.66015,23.554909]]],[[[119.70667,23.556554],[119.70606,23.556532],[119.706347,23.556824],[119.70667,23.556554]]],[[[119.662482,23.556763],[119.662437,23.557623],[119.662905,23.557069],[119.662482,23.556763]]],[[[119.694298,23.557014],[119.694459,23.557826],[119.695535,23.557812],[119.694298,23.557014]]],[[[119.725038,23.557181],[119.722713,23.557747],[119.72531,23.558855],[119.725038,23.557181]]],[[[119.663492,23.558469],[119.662736,23.558545],[119.663055,23.559539],[119.663492,23.558469]]],[[[119.661709,23.559273],[119.661659,23.557192],[119.660902,23.558779],[119.661709,23.559273]]],[[[119.664662,23.558943],[119.66539,23.557329],[119.664672,23.556952],[119.664662,23.558943]]],[[[119.688936,23.562641],[119.689604,23.563098],[119.689968,23.562839],[119.688936,23.562641]]],[[[119.692433,23.561481],[119.69052,23.561622],[119.691209,23.563825],[119.692433,23.561481]]],[[[119.694587,23.564252],[119.694112,23.563905],[119.692855,23.564538],[119.694587,23.564252]]],[[[119.540228,23.5802],[119.540226,23.580503],[119.540519,23.580547],[119.540228,23.5802]]],[[[119.597019,23.586038],[119.596161,23.586434],[119.598149,23.587051],[119.597019,23.586038]]],[[[119.481137,23.593466],[119.481192,23.594479],[119.481955,23.594461],[119.481137,23.593466]]],[[[119.551383,23.594207],[119.551537,23.594811],[119.551655,23.594445],[119.551383,23.594207]]],[[[119.589061,23.596371],[119.588338,23.594884],[119.587608,23.595541],[119.589061,23.596371]]],[[[119.691029,23.597949],[119.689819,23.596744],[119.689785,23.598656],[119.691029,23.597949]]],[[[119.679082,23.598329],[119.677936,23.598248],[119.678422,23.598817],[119.679082,23.598329]]],[[[119.676249,23.599768],[119.675304,23.598383],[119.674885,23.599476],[119.676249,23.599768]]],[[[119.674429,23.602871],[119.674933,23.602498],[119.673899,23.602803],[119.674429,23.602871]]],[[[119.677286,23.604639],[119.67408,23.603272],[119.672111,23.604885],[119.677286,23.604639]]],[[[119.564356,23.606558],[119.565797,23.605582],[119.564305,23.603793],[119.564356,23.606558]]],[[[119.613873,23.606919],[119.614348,23.607725],[119.614635,23.607038],[119.613873,23.606919]]],[[[119.598662,23.607723],[119.598363,23.608128],[119.599092,23.608159],[119.598662,23.607723]]],[[[119.58379,23.611976],[119.584533,23.611827],[119.58372,23.610945],[119.58379,23.611976]]],[[[119.577521,23.61249],[119.578213,23.612029],[119.577343,23.610711],[119.577521,23.61249]]],[[[119.700514,23.615153],[119.699934,23.615047],[119.70058,23.615665],[119.700514,23.615153]]],[[[119.701047,23.61587],[119.701025,23.616322],[119.701397,23.616212],[119.701047,23.61587]]],[[[119.69979,23.615901],[119.697748,23.615964],[119.698701,23.617335],[119.69979,23.615901]]],[[[119.702726,23.616632],[119.701661,23.616676],[119.70254,23.617629],[119.702726,23.616632]]],[[[119.698381,23.618004],[119.69774,23.618165],[119.697893,23.619133],[119.698381,23.618004]]],[[[119.693955,23.619719],[119.694193,23.619944],[119.694187,23.619793],[119.693955,23.619719]]],[[[119.696067,23.619141],[119.695182,23.619181],[119.696032,23.620284],[119.696067,23.619141]]],[[[119.70088,23.61977],[119.699153,23.617468],[119.699157,23.620012],[119.70088,23.61977]]],[[[119.566914,23.617829],[119.569066,23.622472],[119.57083,23.618309],[119.566914,23.617829]]],[[[119.6928,23.622948],[119.692884,23.623031],[119.692923,23.62295],[119.6928,23.622948]]],[[[119.530835,23.622978],[119.529628,23.622982],[119.529618,23.624524],[119.530835,23.622978]]],[[[119.709361,23.626408],[119.709036,23.626841],[119.709786,23.627346],[119.709361,23.626408]]],[[[119.684898,23.624739],[119.683149,23.626278],[119.686017,23.627866],[119.684898,23.624739]]],[[[119.557431,23.628221],[119.557315,23.628609],[119.55767,23.628531],[119.557431,23.628221]]],[[[119.559358,23.629722],[119.55887,23.629599],[119.558671,23.630042],[119.559358,23.629722]]],[[[119.617321,23.630089],[119.61729,23.630364],[119.617526,23.630088],[119.617321,23.630089]]],[[[119.554369,23.630945],[119.553376,23.631217],[119.554069,23.631402],[119.554369,23.630945]]],[[[119.660192,23.631668],[119.662115,23.629042],[119.658566,23.630231],[119.660192,23.631668]]],[[[119.608032,23.637478],[119.608014,23.63769],[119.608419,23.637433],[119.608032,23.637478]]],[[[119.605242,23.63887],[119.604927,23.638792],[119.605015,23.63897],[119.605242,23.63887]]],[[[119.546651,23.638851],[119.546535,23.639648],[119.546946,23.64006],[119.546651,23.638851]]],[[[119.587954,23.639497],[119.58722,23.639612],[119.588048,23.640675],[119.587954,23.639497]]],[[[119.538857,23.640459],[119.538903,23.640944],[119.539348,23.640631],[119.538857,23.640459]]],[[[119.631622,23.640817],[119.631246,23.640797],[119.631044,23.64105],[119.631622,23.640817]]],[[[119.630748,23.640967],[119.630168,23.64057],[119.62981,23.641159],[119.630748,23.640967]]],[[[119.695865,23.640962],[119.696527,23.641839],[119.696561,23.641248],[119.695865,23.640962]]],[[[119.529189,23.641463],[119.529087,23.641998],[119.529504,23.641921],[119.529189,23.641463]]],[[[119.630444,23.642202],[119.630341,23.642385],[119.630475,23.642416],[119.630444,23.642202]]],[[[119.539427,23.641658],[119.538216,23.641838],[119.538627,23.642428],[119.539427,23.641658]]],[[[119.539007,23.643341],[119.538058,23.643545],[119.538979,23.643944],[119.539007,23.643341]]],[[[119.532315,23.64447],[119.530804,23.643924],[119.531251,23.644935],[119.532315,23.64447]]],[[[119.543252,23.646442],[119.543647,23.64713],[119.543993,23.646077],[119.543252,23.646442]]],[[[119.524786,23.646405],[119.52399,23.646902],[119.524646,23.647758],[119.524786,23.646405]]],[[[119.543718,23.647601],[119.543534,23.648109],[119.544233,23.647665],[119.543718,23.647601]]],[[[119.581935,23.648899],[119.581908,23.648371],[119.58113,23.648936],[119.581935,23.648899]]],[[[119.545118,23.648696],[119.545129,23.649143],[119.545365,23.648939],[119.545118,23.648696]]],[[[119.523073,23.648754],[119.522909,23.649146],[119.52382,23.649136],[119.523073,23.648754]]],[[[119.544402,23.648482],[119.543876,23.649579],[119.544796,23.649989],[119.544402,23.648482]]],[[[119.524469,23.64962],[119.523849,23.649563],[119.524072,23.650127],[119.524469,23.64962]]],[[[119.545475,23.649761],[119.544957,23.649959],[119.545406,23.650167],[119.545475,23.649761]]],[[[119.5283,23.651212],[119.528445,23.651381],[119.528429,23.651196],[119.5283,23.651212]]],[[[119.636231,23.6479],[119.631615,23.645842],[119.633136,23.651944],[119.636231,23.6479]]],[[[119.526851,23.652093],[119.527106,23.651929],[119.527004,23.651798],[119.526851,23.652093]]],[[[119.547484,23.652124],[119.547394,23.652264],[119.547545,23.652243],[119.547484,23.652124]]],[[[119.525782,23.65239],[119.526255,23.652503],[119.526085,23.652095],[119.525782,23.65239]]],[[[119.54958,23.653013],[119.549367,23.653207],[119.549717,23.653125],[119.54958,23.653013]]],[[[119.527803,23.653222],[119.52777,23.653357],[119.527914,23.653315],[119.527803,23.653222]]],[[[119.52624,23.653263],[119.526262,23.653431],[119.526345,23.653323],[119.52624,23.653263]]],[[[119.52648,23.653493],[119.526466,23.653573],[119.526519,23.653576],[119.52648,23.653493]]],[[[119.549242,23.653495],[119.548961,23.653342],[119.548819,23.653539],[119.549242,23.653495]]],[[[119.525907,23.653324],[119.525732,23.653422],[119.526038,23.653683],[119.525907,23.653324]]],[[[119.527165,23.653549],[119.527542,23.653657],[119.527289,23.653312],[119.527165,23.653549]]],[[[119.527183,23.65373],[119.527196,23.653827],[119.52724,23.65378],[119.527183,23.65373]]],[[[119.527016,23.653802],[119.527041,23.653934],[119.527082,23.653813],[119.527016,23.653802]]],[[[119.527345,23.65392],[119.52731,23.654038],[119.527406,23.654038],[119.527345,23.65392]]],[[[119.526778,23.65396],[119.526874,23.65407],[119.526868,23.65399],[119.526778,23.65396]]],[[[119.549063,23.653847],[119.548964,23.654001],[119.5493,23.654104],[119.549063,23.653847]]],[[[119.54827,23.653333],[119.547484,23.6539],[119.54807,23.654447],[119.54827,23.653333]]],[[[119.525229,23.654058],[119.525444,23.65445],[119.525535,23.653927],[119.525229,23.654058]]],[[[119.527416,23.656519],[119.524911,23.656047],[119.524862,23.657405],[119.527416,23.656519]]],[[[119.643095,23.660123],[119.639187,23.659202],[119.640345,23.660479],[119.643095,23.660123]]],[[[119.548962,23.66362],[119.54907,23.66297],[119.54828,23.663767],[119.548962,23.66362]]],[[[119.554844,23.668705],[119.554651,23.669076],[119.555021,23.668982],[119.554844,23.668705]]],[[[119.554199,23.669259],[119.554393,23.669585],[119.554503,23.669165],[119.554199,23.669259]]],[[[119.666435,23.662019],[119.664177,23.658713],[119.656712,23.659722],[119.656952,23.662313],[119.661903,23.663606],[119.663657,23.66967],[119.666435,23.662019]]],[[[119.612032,23.671075],[119.612285,23.671058],[119.612346,23.670712],[119.612032,23.671075]]],[[[119.643639,23.673802],[119.64251,23.673389],[119.642519,23.673812],[119.643639,23.673802]]],[[[119.645053,23.675128],[119.64386,23.675147],[119.644644,23.675746],[119.645053,23.675128]]],[[[119.619339,23.673342],[119.616494,23.673245],[119.617804,23.675842],[119.619339,23.673342]]],[[[119.67271,23.674455],[119.668583,23.673455],[119.670983,23.676271],[119.67271,23.674455]]],[[[119.55679,23.675915],[119.556334,23.673409],[119.554386,23.676563],[119.55679,23.675915]]],[[[119.587457,23.672922],[119.595118,23.672139],[119.597873,23.674496],[119.603576,23.668905],[119.602906,23.664478],[119.608425,23.662818],[119.607198,23.657258],[119.612379,23.652748],[119.610212,23.648104],[119.60374,23.649493],[119.601094,23.647586],[119.601738,23.642534],[119.597611,23.641225],[119.602053,23.633871],[119.607258,23.636673],[119.609531,23.632652],[119.60233,23.628522],[119.607049,23.622359],[119.613609,23.61948],[119.613785,23.614355],[119.609884,23.610526],[119.612563,23.606592],[119.613209,23.601991],[119.621737,23.603129],[119.620337,23.606631],[119.624372,23.608089],[119.630825,23.604909],[119.625149,23.600499],[119.627884,23.595691],[119.624654,23.592819],[119.624028,23.586846],[119.626414,23.584554],[119.624559,23.580401],[119.628815,23.580266],[119.634344,23.59089],[119.632928,23.59528],[119.639807,23.599148],[119.641376,23.596401],[119.637701,23.591508],[119.641355,23.588839],[119.646702,23.601022],[119.650075,23.603803],[119.6512,23.609873],[119.655153,23.608472],[119.657421,23.603858],[119.654396,23.600297],[119.660818,23.596062],[119.662475,23.590759],[119.667999,23.591234],[119.669866,23.596576],[119.669277,23.601719],[119.675901,23.593787],[119.68054,23.585247],[119.680628,23.572951],[119.683443,23.565144],[119.686743,23.562201],[119.694338,23.560353],[119.693574,23.555159],[119.68194,23.553367],[119.678151,23.551372],[119.674321,23.554802],[119.676065,23.559733],[119.66753,23.561989],[119.663841,23.560301],[119.64663,23.560538],[119.64157,23.558103],[119.635294,23.551329],[119.635347,23.547295],[119.628566,23.547305],[119.62086,23.542071],[119.621497,23.53812],[119.613001,23.53703],[119.60916,23.529999],[119.605653,23.528744],[119.606424,23.522147],[119.611109,23.522804],[119.610053,23.518483],[119.605492,23.516239],[119.607809,23.512938],[119.606257,23.507816],[119.600611,23.511002],[119.589527,23.512754],[119.58429,23.509207],[119.571837,23.508652],[119.570686,23.512485],[119.574011,23.517728],[119.5725,23.522098],[119.567238,23.525826],[119.562833,23.526099],[119.556979,23.523468],[119.551735,23.533221],[119.54877,23.533242],[119.548248,23.539468],[119.543824,23.537231],[119.541198,23.538872],[119.543044,23.546748],[119.547773,23.551631],[119.551798,23.548533],[119.551037,23.540652],[119.556785,23.538038],[119.557255,23.533885],[119.554746,23.529307],[119.558387,23.52644],[119.560848,23.530833],[119.564523,23.529766],[119.565673,23.534622],[119.568022,23.531128],[119.571872,23.531987],[119.571722,23.524261],[119.574036,23.51997],[119.578437,23.521909],[119.581323,23.52625],[119.580567,23.53175],[119.586401,23.529148],[119.590682,23.53103],[119.595887,23.526529],[119.599718,23.531266],[119.594851,23.537042],[119.603088,23.540276],[119.599563,23.550284],[119.59349,23.549901],[119.592132,23.552757],[119.583919,23.548411],[119.581328,23.54975],[119.573009,23.546232],[119.569666,23.551003],[119.562375,23.550068],[119.562959,23.55775],[119.570671,23.552806],[119.575715,23.5549],[119.572862,23.557945],[119.577443,23.558657],[119.579538,23.563399],[119.574294,23.567971],[119.566705,23.562613],[119.559716,23.56206],[119.559762,23.569905],[119.5662,23.573362],[119.566545,23.577903],[119.561952,23.583746],[119.564068,23.585843],[119.574363,23.584818],[119.582885,23.590825],[119.586124,23.586659],[119.582629,23.583262],[119.583085,23.579361],[119.588766,23.578622],[119.585597,23.57604],[119.587477,23.571947],[119.594178,23.57478],[119.593913,23.570658],[119.597271,23.568989],[119.600632,23.584703],[119.606592,23.585238],[119.6077,23.593708],[119.602948,23.60062],[119.605794,23.605567],[119.612361,23.605442],[119.609638,23.610371],[119.603337,23.611649],[119.597525,23.615576],[119.60546,23.620081],[119.604552,23.624963],[119.599997,23.620373],[119.594823,23.624788],[119.589517,23.622271],[119.590698,23.629563],[119.595867,23.634561],[119.593784,23.641551],[119.589076,23.644271],[119.588268,23.647403],[119.582416,23.652644],[119.58159,23.660943],[119.571387,23.662399],[119.567487,23.66],[119.563257,23.651392],[119.554474,23.657514],[119.546465,23.648362],[119.540975,23.640146],[119.543697,23.640843],[119.540193,23.634058],[119.533132,23.632877],[119.530155,23.630163],[119.522291,23.631345],[119.517665,23.626807],[119.521128,23.620699],[119.519836,23.611163],[119.52312,23.601768],[119.519317,23.594335],[119.512283,23.592199],[119.516319,23.585295],[119.512039,23.581896],[119.515195,23.574524],[119.513131,23.57058],[119.517993,23.567011],[119.515101,23.564088],[119.497851,23.56816],[119.493776,23.567395],[119.489723,23.562667],[119.483072,23.564347],[119.476511,23.559809],[119.46798,23.560517],[119.467968,23.563467],[119.477945,23.569054],[119.481114,23.575058],[119.483388,23.57541],[119.488921,23.570047],[119.493493,23.570486],[119.503367,23.579141],[119.504456,23.587357],[119.498525,23.592965],[119.489825,23.595212],[119.494094,23.596075],[119.491798,23.599595],[119.49829,23.600535],[119.497946,23.596015],[119.504163,23.597036],[119.502173,23.60223],[119.503142,23.606766],[119.508667,23.613284],[119.499281,23.620104],[119.504021,23.62366],[119.502153,23.630929],[119.504764,23.636139],[119.507502,23.63632],[119.511578,23.647657],[119.515412,23.649827],[119.519304,23.647658],[119.51432,23.655609],[119.524131,23.655834],[119.524303,23.651347],[119.519793,23.647882],[119.519343,23.644469],[119.530589,23.639218],[119.540296,23.640452],[119.548704,23.65139],[119.554,23.657588],[119.550848,23.662783],[119.555185,23.668555],[119.560799,23.670727],[119.569688,23.670983],[119.582362,23.677517],[119.587457,23.672922]]],[[[119.657296,23.677937],[119.658019,23.676218],[119.657844,23.676431],[119.657296,23.677937]]],[[[119.6647,23.682623],[119.664381,23.681552],[119.663724,23.68223],[119.6647,23.682623]]],[[[119.668063,23.682498],[119.669268,23.676974],[119.664991,23.677123],[119.668063,23.682498]]],[[[119.668087,23.682803],[119.667611,23.683661],[119.668037,23.68353],[119.668087,23.682803]]],[[[119.654224,23.684499],[119.654447,23.684613],[119.654367,23.684403],[119.654224,23.684499]]],[[[119.654037,23.684499],[119.6541,23.684673],[119.654226,23.684697],[119.654037,23.684499]]],[[[119.654796,23.684808],[119.654955,23.684757],[119.654803,23.684625],[119.654796,23.684808]]],[[[119.655178,23.684668],[119.655105,23.684786],[119.655276,23.68481],[119.655178,23.684668]]],[[[119.655821,23.684928],[119.656042,23.68506],[119.655955,23.684844],[119.655821,23.684928]]],[[[119.65404,23.685109],[119.654215,23.685287],[119.654175,23.685032],[119.65404,23.685109]]],[[[119.654446,23.684891],[119.654316,23.684959],[119.65466,23.6853],[119.654446,23.684891]]],[[[119.624181,23.685013],[119.623007,23.684589],[119.623668,23.685306],[119.624181,23.685013]]],[[[119.655509,23.685141],[119.655251,23.684946],[119.654916,23.685177],[119.655509,23.685141]]],[[[119.621894,23.686092],[119.621578,23.6855],[119.62081,23.686158],[119.621894,23.686092]]],[[[119.669928,23.687924],[119.669841,23.688267],[119.670182,23.688094],[119.669928,23.687924]]],[[[119.655088,23.688809],[119.654881,23.68851],[119.654375,23.68878],[119.655088,23.688809]]],[[[119.652435,23.689387],[119.651733,23.688451],[119.650664,23.689392],[119.652435,23.689387]]],[[[119.672529,23.689678],[119.672332,23.68976],[119.672444,23.690191],[119.672529,23.689678]]],[[[119.67231,23.69039],[119.672332,23.690435],[119.67236,23.690362],[119.67231,23.69039]]],[[[119.672189,23.690438],[119.67213,23.690494],[119.672197,23.690483],[119.672189,23.690438]]],[[[119.558117,23.688089],[119.556617,23.689707],[119.557987,23.69055],[119.558117,23.688089]]],[[[119.672582,23.688903],[119.670675,23.682857],[119.670014,23.687212],[119.672582,23.688903]]],[[[119.596515,23.690635],[119.596834,23.69016],[119.595318,23.690215],[119.596515,23.690635]]],[[[119.670859,23.691432],[119.670806,23.690762],[119.670329,23.691416],[119.670859,23.691432]]],[[[119.558169,23.691441],[119.556996,23.69085],[119.557701,23.692441],[119.558169,23.691441]]],[[[119.55957,23.693048],[119.559423,23.69315],[119.559568,23.693218],[119.55957,23.693048]]],[[[119.651926,23.693723],[119.652634,23.690715],[119.650341,23.693305],[119.651926,23.693723]]],[[[119.670555,23.692914],[119.670238,23.693622],[119.671016,23.69384],[119.670555,23.692914]]],[[[119.559653,23.693391],[119.559264,23.693979],[119.559885,23.694049],[119.559653,23.693391]]],[[[119.595339,23.693594],[119.595472,23.692016],[119.593466,23.694331],[119.595339,23.693594]]],[[[119.565019,23.695268],[119.565,23.693595],[119.563295,23.695276],[119.565019,23.695268]]],[[[119.593635,23.695991],[119.593362,23.695056],[119.592899,23.696306],[119.593635,23.695991]]],[[[119.603795,23.706442],[119.60378,23.706228],[119.603353,23.70627],[119.603795,23.706442]]],[[[119.618992,23.70831],[119.618078,23.709036],[119.618966,23.709078],[119.618992,23.70831]]],[[[119.608295,23.710183],[119.608157,23.710346],[119.609419,23.710484],[119.608295,23.710183]]],[[[119.551337,23.710358],[119.551549,23.710694],[119.552071,23.710371],[119.551337,23.710358]]],[[[119.589003,23.710098],[119.588072,23.709762],[119.588543,23.710743],[119.589003,23.710098]]],[[[119.612162,23.71096],[119.60952,23.709847],[119.610839,23.711054],[119.612162,23.71096]]],[[[119.567503,23.712458],[119.566908,23.710571],[119.565473,23.712183],[119.567503,23.712458]]],[[[119.610242,23.712884],[119.609817,23.712825],[119.610353,23.713092],[119.610242,23.712884]]],[[[119.610321,23.713297],[119.609569,23.713255],[119.610081,23.713553],[119.610321,23.713297]]],[[[119.609391,23.713407],[119.609379,23.713676],[119.609546,23.713479],[119.609391,23.713407]]],[[[119.606964,23.711423],[119.608775,23.713687],[119.610179,23.711006],[119.606964,23.711423]]],[[[119.613052,23.714356],[119.612505,23.714135],[119.612913,23.715359],[119.613052,23.714356]]],[[[119.612642,23.715554],[119.612008,23.715144],[119.611797,23.715668],[119.612642,23.715554]]],[[[119.611703,23.715603],[119.611397,23.715449],[119.611,23.716416],[119.611703,23.715603]]],[[[119.565683,23.716991],[119.5657,23.717426],[119.566188,23.716754],[119.565683,23.716991]]],[[[119.565418,23.717398],[119.565157,23.717819],[119.565518,23.717605],[119.565418,23.717398]]],[[[119.557026,23.720665],[119.558533,23.710879],[119.555219,23.708683],[119.553186,23.711571],[119.556034,23.717414],[119.55106,23.7204],[119.557026,23.720665]]],[[[119.551169,23.722763],[119.551087,23.723077],[119.551576,23.722933],[119.551169,23.722763]]],[[[119.608438,23.732036],[119.609325,23.732302],[119.609091,23.731564],[119.608438,23.732036]]],[[[119.609821,23.731322],[119.609952,23.73266],[119.610033,23.732159],[119.609821,23.731322]]],[[[119.612461,23.732547],[119.612672,23.73406],[119.613411,23.732983],[119.612461,23.732547]]],[[[119.61157,23.733446],[119.611086,23.733468],[119.612126,23.734322],[119.61157,23.733446]]],[[[119.611613,23.735444],[119.61118,23.735215],[119.61162,23.735622],[119.611613,23.735444]]],[[[119.610698,23.737721],[119.610203,23.737194],[119.609163,23.736715],[119.610698,23.737721]]],[[[119.624438,23.748411],[119.624797,23.748473],[119.624836,23.748296],[119.624438,23.748411]]],[[[119.625201,23.748433],[119.624928,23.748334],[119.624847,23.748624],[119.625201,23.748433]]],[[[119.624753,23.748762],[119.624663,23.748959],[119.624953,23.748856],[119.624753,23.748762]]],[[[119.624681,23.749024],[119.624641,23.74925],[119.624845,23.749062],[119.624681,23.749024]]],[[[119.624302,23.748628],[119.624173,23.748981],[119.624528,23.749289],[119.624302,23.748628]]],[[[119.625609,23.749363],[119.625283,23.749049],[119.625173,23.749419],[119.625609,23.749363]]],[[[119.624223,23.749847],[119.624129,23.750139],[119.624873,23.750274],[119.624223,23.749847]]],[[[119.624586,23.750747],[119.624687,23.751058],[119.624811,23.750985],[119.624586,23.750747]]],[[[119.624092,23.750999],[119.624119,23.751408],[119.624324,23.751093],[119.624092,23.750999]]],[[[119.624136,23.751502],[119.624529,23.751668],[119.624577,23.751374],[119.624136,23.751502]]],[[[119.624615,23.751478],[119.624819,23.751766],[119.624975,23.751695],[119.624615,23.751478]]],[[[119.624144,23.751586],[119.624033,23.751738],[119.62446,23.751896],[119.624144,23.751586]]],[[[119.625183,23.751988],[119.624811,23.751852],[119.62468,23.752141],[119.625183,23.751988]]],[[[119.623883,23.752138],[119.623702,23.75229],[119.624016,23.75232],[119.623883,23.752138]]],[[[119.625205,23.752293],[119.625093,23.752133],[119.624945,23.752282],[119.625205,23.752293]]],[[[119.623179,23.752407],[119.623264,23.752716],[119.62336,23.752659],[119.623179,23.752407]]],[[[119.597891,23.755204],[119.598676,23.753876],[119.597147,23.75497],[119.597891,23.755204]]],[[[119.620828,23.754784],[119.620657,23.755447],[119.62113,23.755217],[119.620828,23.754784]]],[[[119.619743,23.75585],[119.62008,23.756099],[119.620122,23.755846],[119.619743,23.75585]]],[[[119.608177,23.757241],[119.606978,23.756636],[119.607147,23.757234],[119.608177,23.757241]]],[[[119.608371,23.758123],[119.607543,23.757946],[119.607913,23.758761],[119.608371,23.758123]]],[[[119.611612,23.753952],[119.622794,23.748004],[119.623127,23.742768],[119.613832,23.740273],[119.612293,23.741701],[119.606424,23.736796],[119.603354,23.731831],[119.603065,23.725367],[119.600222,23.734762],[119.595839,23.737711],[119.5974,23.741883],[119.604056,23.745616],[119.606686,23.752258],[119.611433,23.757863],[119.611612,23.753952]]],[[[119.60647,23.759137],[119.606324,23.759578],[119.606907,23.759474],[119.60647,23.759137]]],[[[119.607594,23.764663],[119.606678,23.765141],[119.607241,23.76557],[119.607594,23.764663]]],[[[119.606447,23.76628],[119.605508,23.765572],[119.604725,23.766968],[119.606447,23.76628]]],[[[119.60368,23.766444],[119.603288,23.766712],[119.604087,23.767255],[119.60368,23.766444]]],[[[119.602862,23.766989],[119.602424,23.767022],[119.60281,23.767461],[119.602862,23.766989]]],[[[119.585912,23.766996],[119.58468,23.766262],[119.584667,23.767709],[119.585912,23.766996]]],[[[119.58777,23.768162],[119.587402,23.767956],[119.587383,23.768771],[119.58777,23.768162]]],[[[119.593178,23.770536],[119.59354,23.770673],[119.593609,23.770509],[119.593178,23.770536]]],[[[119.607843,23.774412],[119.607822,23.774925],[119.608059,23.774653],[119.607843,23.774412]]],[[[119.607557,23.775045],[119.607328,23.775148],[119.607649,23.775273],[119.607557,23.775045]]],[[[119.606617,23.774388],[119.607489,23.771018],[119.602599,23.767471],[119.601657,23.765556],[119.599259,23.758362],[119.596754,23.761818],[119.599702,23.76971],[119.606617,23.774388]]],[[[119.611705,23.775555],[119.611794,23.775931],[119.612176,23.775964],[119.611705,23.775555]]],[[[119.611872,23.776658],[119.611836,23.776076],[119.611527,23.776111],[119.611872,23.776658]]],[[[119.611772,23.777318],[119.611622,23.776783],[119.611065,23.777095],[119.611772,23.777318]]],[[[119.610823,23.777136],[119.61032,23.777477],[119.610752,23.777769],[119.610823,23.777136]]],[[[119.612104,23.777413],[119.612,23.777642],[119.612488,23.778073],[119.612104,23.777413]]],[[[119.607823,23.77857],[119.607508,23.778208],[119.607311,23.77841],[119.607823,23.77857]]],[[[119.614021,23.778304],[119.612434,23.776633],[119.612641,23.778091],[119.614021,23.778304]]],[[[119.612395,23.778299],[119.611291,23.777843],[119.611863,23.77873],[119.612395,23.778299]]],[[[119.607282,23.778505],[119.607236,23.779006],[119.607799,23.779166],[119.607282,23.778505]]],[[[119.608278,23.7796],[119.607961,23.779351],[119.607669,23.780081],[119.608278,23.7796]]],[[[119.611834,23.778873],[119.610513,23.778928],[119.61139,23.780132],[119.611834,23.778873]]],[[[119.611503,23.780734],[119.609308,23.778921],[119.610289,23.780743],[119.611503,23.780734]]],[[[119.577781,23.779074],[119.575469,23.778604],[119.577091,23.781198],[119.577781,23.779074]]],[[[119.608054,23.780861],[119.607254,23.77934],[119.606604,23.78027],[119.608054,23.780861]]],[[[119.604953,23.781692],[119.604574,23.78177],[119.604604,23.78207],[119.604953,23.781692]]],[[[119.606717,23.781193],[119.605698,23.781156],[119.606101,23.78215],[119.606717,23.781193]]],[[[119.607143,23.781984],[119.606597,23.781857],[119.606751,23.782198],[119.607143,23.781984]]],[[[119.605335,23.782029],[119.605669,23.782606],[119.606042,23.782297],[119.605335,23.782029]]],[[[119.604295,23.782221],[119.604154,23.782549],[119.604686,23.782637],[119.604295,23.782221]]],[[[119.605535,23.783017],[119.605179,23.783362],[119.605676,23.783655],[119.605535,23.783017]]],[[[119.607866,23.781769],[119.605983,23.782878],[119.607104,23.78395],[119.607866,23.781769]]],[[[119.603167,23.785234],[119.6024,23.785257],[119.602939,23.785474],[119.603167,23.785234]]],[[[119.603345,23.786276],[119.602253,23.785985],[119.602242,23.786721],[119.603345,23.786276]]],[[[119.603474,23.786445],[119.602544,23.786706],[119.602704,23.787076],[119.603474,23.786445]]],[[[119.601643,23.786595],[119.599158,23.785764],[119.600403,23.787927],[119.601643,23.786595]]],[[[119.60259,23.787887],[119.601235,23.787332],[119.601612,23.789118],[119.60259,23.787887]]],[[[119.598137,23.792362],[119.598019,23.792898],[119.598715,23.792534],[119.598137,23.792362]]],[[[119.598368,23.793395],[119.597634,23.793439],[119.598802,23.794059],[119.598368,23.793395]]],[[[119.597559,23.795432],[119.596749,23.795869],[119.596966,23.796236],[119.597559,23.795432]]],[[[119.597473,23.796509],[119.595751,23.796198],[119.596198,23.7983],[119.597473,23.796509]]],[[[119.596536,23.809538],[119.593354,23.809085],[119.595704,23.810695],[119.596536,23.809538]]]]}},{"type":"Feature","properties":{"name":"新竹市","code":"10018","name_en":"Hsinchu City"},"geometry":{"type":"Polygon","coordinates":[[[120.935421,24.712597],[120.930748,24.71506],[120.922613,24.714808],[120.913712,24.717525],[120.916273,24.721534],[120.913748,24.724321],[120.912062,24.732313],[120.909023,24.735755],[120.908529,24.740591],[120.905863,24.740682],[120.897228,24.733367],[120.89095,24.731775],[120.887569,24.733833],[120.881029,24.733291],[120.874529,24.738323],[120.882622,24.746474],[120.893186,24.761363],[120.897771,24.764685],[120.892743,24.76932],[120.891425,24.776099],[120.892892,24.778906],[120.892106,24.791937],[120.896139,24.800825],[120.896941,24.809221],[120.902806,24.824071],[120.915748,24.841129],[120.916752,24.848748],[120.912961,24.85408],[120.916384,24.852798],[120.925221,24.854814],[120.940442,24.849965],[120.94481,24.841069],[120.955284,24.834363],[120.969179,24.832174],[120.974638,24.829958],[120.981451,24.831232],[120.987684,24.825566],[121.000384,24.822061],[121.008271,24.816216],[121.015128,24.808565],[121.018151,24.807351],[121.021308,24.80161],[121.025698,24.799003],[121.0206,24.798808],[121.020613,24.794103],[121.024511,24.78926],[121.023265,24.784943],[121.027516,24.782711],[121.024947,24.77999],[121.029608,24.777134],[121.029885,24.766471],[121.032398,24.761693],[121.027461,24.757911],[121.02087,24.756559],[121.01833,24.763802],[121.013553,24.770937],[120.995977,24.779986],[120.984871,24.775986],[120.987005,24.768422],[120.982163,24.767517],[120.979481,24.763307],[120.969833,24.765165],[120.967405,24.756465],[120.963559,24.755547],[120.961548,24.751383],[120.957468,24.749636],[120.957793,24.746101],[120.953894,24.743421],[120.946142,24.745282],[120.938396,24.729809],[120.938619,24.716614],[120.935421,24.712597]]]}},{"type":"Feature","properties":{"name":"新竹縣","code":"10004","name_en":"Hsinchu County"},"geometry":{"type":"Polygon","coordinates":[[[121.403039,24.591708],[121.409203,24.581206],[121.412316,24.57336],[121.403927,24.568975],[121.401123,24.561865],[121.394673,24.555575],[121.398755,24.548204],[121.39674,24.539824],[121.401627,24.529239],[121.397807,24.524913],[121.391866,24.524112],[121.38781,24.51725],[121.385109,24.516822],[121.383719,24.510356],[121.373347,24.509897],[121.37066,24.497871],[121.365029,24.495855],[121.357743,24.48661],[121.343013,24.482426],[121.340067,24.474852],[121.335943,24.472353],[121.335994,24.467367],[121.329853,24.464262],[121.323789,24.456722],[121.317659,24.441489],[121.313839,24.437381],[121.30545,24.432575],[121.297629,24.433093],[121.293185,24.431071],[121.276877,24.429248],[121.271336,24.42958],[121.269895,24.427376],[121.260815,24.428635],[121.258928,24.438036],[121.261596,24.444035],[121.260678,24.450065],[121.262621,24.455131],[121.258132,24.457313],[121.258086,24.463242],[121.249051,24.466012],[121.244391,24.470058],[121.242288,24.478477],[121.234634,24.483837],[121.234642,24.487742],[121.230547,24.488551],[121.228618,24.492494],[121.218667,24.498263],[121.222137,24.507507],[121.217467,24.509651],[121.217576,24.514036],[121.213972,24.514781],[121.209938,24.511627],[121.200518,24.511459],[121.195282,24.507045],[121.186705,24.505361],[121.182865,24.507992],[121.177913,24.507652],[121.169341,24.50262],[121.161911,24.503494],[121.15449,24.506823],[121.150582,24.506092],[121.145021,24.51192],[121.136991,24.506655],[121.129653,24.506695],[121.123696,24.510075],[121.113331,24.506465],[121.109173,24.501188],[121.098514,24.496619],[121.090417,24.497858],[121.085551,24.501308],[121.071883,24.498381],[121.072063,24.503441],[121.068201,24.506841],[121.069313,24.509332],[121.067022,24.522983],[121.078298,24.528903],[121.077798,24.534237],[121.080238,24.541444],[121.076048,24.544036],[121.073461,24.549421],[121.0582,24.557911],[121.05842,24.560635],[121.062811,24.557489],[121.070585,24.563358],[121.075457,24.581032],[121.079367,24.587781],[121.083098,24.590081],[121.081272,24.600571],[121.07618,24.603178],[121.074922,24.612304],[121.06808,24.614866],[121.061518,24.621769],[121.053195,24.615405],[121.049365,24.61862],[121.043229,24.62723],[121.029373,24.632872],[121.02573,24.636179],[121.025332,24.641257],[121.014381,24.640852],[121.008202,24.644325],[121.008085,24.650379],[121.010304,24.656157],[120.997108,24.654666],[120.994674,24.659542],[120.990631,24.660394],[120.98319,24.669813],[120.976517,24.675424],[120.976421,24.683142],[120.973591,24.68581],[120.964398,24.683618],[120.965163,24.688109],[120.974051,24.699388],[120.972378,24.704082],[120.976662,24.706508],[120.973872,24.711823],[120.966372,24.709697],[120.962285,24.710883],[120.95478,24.704351],[120.94979,24.711199],[120.941918,24.707354],[120.935421,24.712597],[120.938619,24.716614],[120.938396,24.729809],[120.946142,24.745282],[120.953894,24.743421],[120.957793,24.746101],[120.957468,24.749636],[120.961548,24.751383],[120.963559,24.755547],[120.967405,24.756465],[120.969833,24.765165],[120.979481,24.763307],[120.982163,24.767517],[120.987005,24.768422],[120.984871,24.775986],[120.995977,24.779986],[121.013553,24.770937],[121.01833,24.763802],[121.02087,24.756559],[121.027461,24.757911],[121.032398,24.761693],[121.029885,24.766471],[121.029608,24.777134],[121.024947,24.77999],[121.027516,24.782711],[121.023265,24.784943],[121.024511,24.78926],[121.020613,24.794103],[121.0206,24.798808],[121.025698,24.799003],[121.021308,24.80161],[121.018151,24.807351],[121.015128,24.808565],[121.008271,24.816216],[121.000384,24.822061],[120.987684,24.825566],[120.981451,24.831232],[120.974638,24.829958],[120.969179,24.832174],[120.955284,24.834363],[120.94481,24.841069],[120.940442,24.849965],[120.925221,24.854814],[120.927809,24.859541],[120.933512,24.861663],[120.939248,24.867183],[120.94654,24.878656],[120.947348,24.883828],[120.951728,24.890664],[120.952605,24.895378],[120.958881,24.902866],[120.969666,24.928468],[120.982025,24.939976],[120.987377,24.939049],[120.992735,24.935083],[120.994192,24.93914],[121.003128,24.94026],[121.007062,24.946217],[121.019362,24.940419],[121.025935,24.940568],[121.02878,24.945099],[121.030928,24.943931],[121.037934,24.946383],[121.040814,24.943299],[121.046285,24.94355],[121.048086,24.939929],[121.055441,24.936243],[121.058329,24.936843],[121.057566,24.930567],[121.060745,24.924522],[121.058231,24.913904],[121.057581,24.905834],[121.070539,24.901856],[121.071099,24.89948],[121.083442,24.898854],[121.091272,24.893363],[121.109072,24.897738],[121.110975,24.890991],[121.108722,24.885954],[121.113488,24.88256],[121.123968,24.879935],[121.128143,24.880955],[121.135612,24.878003],[121.138846,24.882365],[121.144549,24.88025],[121.155662,24.880711],[121.156238,24.874476],[121.158784,24.870472],[121.16136,24.859596],[121.156762,24.856142],[121.155472,24.849865],[121.150032,24.84429],[121.154488,24.843982],[121.159508,24.83858],[121.176296,24.831996],[121.173746,24.827654],[121.183119,24.825054],[121.19651,24.817814],[121.198914,24.814923],[121.200837,24.817835],[121.205652,24.813048],[121.202837,24.809882],[121.207639,24.80699],[121.209581,24.809515],[121.217032,24.812417],[121.221508,24.799514],[121.228047,24.802755],[121.238237,24.804655],[121.243434,24.808692],[121.247434,24.803494],[121.247834,24.79662],[121.252132,24.793957],[121.25974,24.793685],[121.261202,24.790323],[121.258486,24.785084],[121.260068,24.781912],[121.265055,24.78123],[121.271161,24.777875],[121.277415,24.770925],[121.284289,24.770367],[121.292636,24.767515],[121.293865,24.764044],[121.301536,24.76301],[121.303805,24.757911],[121.307708,24.754984],[121.305278,24.746283],[121.300844,24.741396],[121.298662,24.730712],[121.305279,24.726098],[121.307609,24.719906],[121.306399,24.713084],[121.303272,24.70839],[121.299478,24.695568],[121.303896,24.692918],[121.313197,24.697663],[121.318172,24.697991],[121.329392,24.691327],[121.338984,24.679073],[121.339092,24.666743],[121.344028,24.669307],[121.344848,24.666736],[121.353511,24.667799],[121.353492,24.655655],[121.352388,24.643542],[121.355644,24.64138],[121.358092,24.633535],[121.366411,24.631792],[121.363268,24.623005],[121.35885,24.617375],[121.361218,24.610085],[121.364314,24.605862],[121.363324,24.603129],[121.371964,24.596846],[121.372776,24.593748],[121.387559,24.586497],[121.391325,24.586459],[121.403039,24.591708]]]}},{"type":"Feature","properties":{"name":"屏東縣","code":"10013","name_en":"Pingtung County"},"geometry":{"type":"MultiPolygon","coordinates":[[[[120.826146,21.756205],[120.826761,21.756663],[120.826525,21.756183],[120.826146,21.756205]]],[[[120.826076,21.757004],[120.826328,21.757232],[120.826302,21.757005],[120.826076,21.757004]]],[[[120.825991,21.757663],[120.826256,21.757849],[120.826406,21.757493],[120.825991,21.757663]]],[[[120.826369,21.758075],[120.826087,21.758198],[120.826496,21.75833],[120.826369,21.758075]]],[[[120.826757,21.758688],[120.826621,21.758756],[120.826868,21.758915],[120.826757,21.758688]]],[[[120.826407,21.758677],[120.826178,21.758851],[120.826562,21.759044],[120.826407,21.758677]]],[[[120.826435,21.759453],[120.826176,21.759771],[120.826586,21.75995],[120.826435,21.759453]]],[[[120.826674,21.760453],[120.826507,21.760134],[120.826259,21.760293],[120.826674,21.760453]]],[[[120.38849,22.350683],[120.387035,22.341766],[120.376756,22.335735],[120.367372,22.326313],[120.359889,22.322248],[120.354657,22.323264],[120.353621,22.329422],[120.360348,22.334713],[120.363244,22.340031],[120.360934,22.345958],[120.367427,22.352122],[120.379557,22.356011],[120.38849,22.350683]]],[[[120.864568,22.843082],[120.865403,22.835614],[120.861669,22.826972],[120.86509,22.824802],[120.868633,22.816852],[120.877269,22.813051],[120.881135,22.814515],[120.891198,22.811625],[120.900896,22.804275],[120.903303,22.799808],[120.901695,22.787545],[120.904185,22.783196],[120.903863,22.775811],[120.899639,22.768803],[120.893564,22.766785],[120.895614,22.755743],[120.894152,22.751065],[120.894721,22.737588],[120.891439,22.72938],[120.883515,22.717068],[120.869123,22.715946],[120.861387,22.716657],[120.858616,22.713631],[120.855083,22.717452],[120.848699,22.716987],[120.843368,22.707649],[120.840241,22.706668],[120.836796,22.69708],[120.828697,22.697661],[120.819883,22.695597],[120.818873,22.69088],[120.811452,22.69204],[120.808027,22.689188],[120.79768,22.689103],[120.78913,22.69329],[120.786748,22.692741],[120.791573,22.679185],[120.786231,22.672043],[120.786356,22.662984],[120.779784,22.652535],[120.773838,22.646231],[120.76766,22.636188],[120.761322,22.630042],[120.752892,22.612081],[120.754819,22.601563],[120.746602,22.590956],[120.745766,22.588322],[120.749092,22.578636],[120.747951,22.571078],[120.741535,22.568672],[120.739636,22.562542],[120.739486,22.551455],[120.750023,22.534022],[120.75389,22.510771],[120.757489,22.508548],[120.762705,22.5011],[120.76384,22.491159],[120.758558,22.488407],[120.757463,22.481832],[120.750813,22.479156],[120.754425,22.472432],[120.751752,22.464546],[120.751614,22.458412],[120.758181,22.458519],[120.765456,22.4529],[120.771929,22.451838],[120.776453,22.448944],[120.775037,22.444288],[120.780264,22.43713],[120.786871,22.425181],[120.789642,22.417649],[120.780361,22.409453],[120.773395,22.406936],[120.764948,22.408927],[120.758121,22.404905],[120.753423,22.405059],[120.757589,22.398075],[120.753802,22.396436],[120.752413,22.392056],[120.756488,22.388384],[120.750504,22.384089],[120.748626,22.380384],[120.74752,22.371405],[120.743463,22.367262],[120.752436,22.360545],[120.763185,22.358969],[120.763591,22.352242],[120.767951,22.347399],[120.775801,22.348745],[120.785061,22.345524],[120.792477,22.335624],[120.793409,22.323646],[120.796794,22.318325],[120.792965,22.312415],[120.787135,22.309208],[120.778156,22.308499],[120.777748,22.297973],[120.781556,22.294597],[120.788611,22.294003],[120.793405,22.285724],[120.805698,22.283795],[120.806778,22.277159],[120.798194,22.276462],[120.796209,22.267943],[120.799602,22.264995],[120.797899,22.257938],[120.799725,22.25718],[120.815201,22.263254],[120.825911,22.256646],[120.832545,22.247255],[120.839778,22.243705],[120.850839,22.243657],[120.858672,22.240819],[120.864301,22.234285],[120.86233,22.231348],[120.86668,22.229808],[120.876531,22.234845],[120.880881,22.235025],[120.884034,22.240592],[120.896298,22.246429],[120.899243,22.233922],[120.898926,22.229835],[120.894705,22.223699],[120.894204,22.216455],[120.896414,22.203484],[120.8907,22.195328],[120.892282,22.181481],[120.893946,22.177372],[120.89381,22.168559],[120.892093,22.162444],[120.893978,22.155777],[120.892558,22.150319],[120.897055,22.144002],[120.896567,22.140768],[120.887859,22.133295],[120.886629,22.128589],[120.888129,22.120579],[120.892467,22.109742],[120.9019,22.105597],[120.898226,22.098095],[120.898598,22.0941],[120.894082,22.088607],[120.892967,22.067977],[120.894186,22.055976],[120.893659,22.049728],[120.901058,22.03324],[120.88923,22.025761],[120.887084,22.016453],[120.878234,22.010711],[120.879022,22.004449],[120.875789,21.998846],[120.867285,21.994959],[120.861588,21.990814],[120.85159,21.989047],[120.846074,21.98621],[120.844175,21.980246],[120.845487,21.976359],[120.844505,21.968264],[120.841635,21.959878],[120.842332,21.949957],[120.848919,21.933806],[120.853392,21.930293],[120.862589,21.917564],[120.861928,21.909679],[120.867138,21.902726],[120.864924,21.898167],[120.858607,21.8956],[120.851139,21.896357],[120.847907,21.899935],[120.845966,21.906032],[120.846137,21.913685],[120.837259,21.916014],[120.832768,21.923383],[120.823547,21.931466],[120.822226,21.934364],[120.813055,21.933495],[120.802938,21.939838],[120.798365,21.937928],[120.79663,21.942177],[120.783022,21.943545],[120.777606,21.949281],[120.770161,21.952398],[120.764689,21.959131],[120.753161,21.955228],[120.752677,21.950756],[120.748447,21.949466],[120.748476,21.941814],[120.746026,21.943378],[120.746853,21.934187],[120.739873,21.926278],[120.739664,21.919458],[120.728724,21.91831],[120.723355,21.92147],[120.719039,21.927263],[120.719264,21.932885],[120.716029,21.934853],[120.710582,21.934115],[120.709937,21.941479],[120.711436,21.951659],[120.711528,21.963925],[120.715032,21.97114],[120.713557,21.980608],[120.706943,21.987504],[120.705591,21.993548],[120.7007,21.995998],[120.693835,22.002591],[120.693192,22.007592],[120.68524,22.023904],[120.687151,22.032769],[120.693482,22.039829],[120.69442,22.048265],[120.697579,22.054993],[120.704482,22.056046],[120.705941,22.059947],[120.705736,22.070745],[120.703339,22.078335],[120.699303,22.082769],[120.701317,22.086147],[120.707677,22.087933],[120.716852,22.093254],[120.715168,22.106504],[120.709055,22.122757],[120.702326,22.129841],[120.697582,22.140473],[120.69948,22.15007],[120.6946,22.157397],[120.696025,22.159677],[120.69382,22.172481],[120.691092,22.175097],[120.691052,22.181412],[120.688986,22.188016],[120.685544,22.192515],[120.683845,22.19839],[120.685785,22.203215],[120.684864,22.21027],[120.676658,22.222281],[120.672197,22.226954],[120.672007,22.23325],[120.657925,22.242865],[120.657915,22.247098],[120.650404,22.251795],[120.649289,22.255748],[120.6521,22.268241],[120.648006,22.28007],[120.642712,22.291073],[120.642746,22.301623],[120.636181,22.312782],[120.620294,22.328516],[120.610438,22.336059],[120.605128,22.342652],[120.598941,22.355749],[120.585579,22.369389],[120.571238,22.378049],[120.570758,22.379402],[120.549598,22.392445],[120.524237,22.405268],[120.515826,22.411109],[120.508541,22.412153],[120.492148,22.421559],[120.476405,22.428938],[120.458548,22.439364],[120.436012,22.459481],[120.433107,22.468365],[120.424437,22.46872],[120.423941,22.479957],[120.425734,22.498179],[120.423661,22.506528],[120.422859,22.518458],[120.425137,22.52848],[120.431272,22.544682],[120.436578,22.547563],[120.442709,22.562323],[120.447008,22.58618],[120.445794,22.598833],[120.437552,22.607278],[120.433687,22.6176],[120.433715,22.624615],[120.435809,22.630448],[120.435335,22.640261],[120.436633,22.66502],[120.440005,22.673043],[120.439556,22.678116],[120.442632,22.684561],[120.447527,22.688308],[120.450965,22.697365],[120.455746,22.718497],[120.456007,22.730577],[120.454913,22.739634],[120.45378,22.761501],[120.454119,22.771207],[120.457476,22.785499],[120.464039,22.800292],[120.465504,22.812754],[120.467359,22.815483],[120.46876,22.830677],[120.476242,22.838189],[120.482256,22.835975],[120.492773,22.835696],[120.496394,22.83254],[120.50342,22.831734],[120.509993,22.828515],[120.515658,22.83157],[120.530577,22.832986],[120.536438,22.829269],[120.544068,22.829797],[120.5542,22.828828],[120.566697,22.838361],[120.574813,22.848206],[120.59526,22.863666],[120.605826,22.873214],[120.616755,22.876817],[120.620635,22.875585],[120.645034,22.885178],[120.648442,22.877133],[120.654878,22.881475],[120.658056,22.87971],[120.659663,22.86995],[120.658651,22.866072],[120.66091,22.859672],[120.668575,22.858716],[120.672118,22.856354],[120.676727,22.857256],[120.679191,22.862953],[120.690544,22.864875],[120.691982,22.868454],[120.701369,22.876484],[120.702542,22.879242],[120.708257,22.881647],[120.724762,22.880908],[120.730943,22.876257],[120.742683,22.873553],[120.749264,22.865683],[120.755294,22.864446],[120.762159,22.856814],[120.764,22.849287],[120.778715,22.835204],[120.785843,22.839903],[120.792994,22.8423],[120.791704,22.848373],[120.793351,22.852032],[120.801082,22.851029],[120.813811,22.857663],[120.81589,22.862112],[120.82296,22.865722],[120.833041,22.866274],[120.840946,22.860383],[120.843849,22.853435],[120.847176,22.851967],[120.853188,22.857623],[120.85993,22.851463],[120.859731,22.848751],[120.864568,22.843082]]]]}}]}